row_id,stem摘要,提议case_group_id,提议subquestion_index,归属证据,置信度,case_group_fingerprint,row_granularity,gen,group_size,group_distinct_indexes,index_duplicated,index_answer_conflict,group_contiguous,exam_year,original_id,source_chunk_id,has_answer
13881,事件一中，施工单位对施工总进度计划还需补充哪些内容？,2015-case1,1,bg_fp=95a01714a59a8506(bg509字)|idx_src=oid_xw_Q|gen=g0_xw|case_no_src=oid_xw_CASE,high,95a01714a59a8506,single_subquestion,g0_xw,4,4,False,False,True,2015,XW_2015_CASE_1_Q1,,True
13882,绘制事件二中调整后的施工进度计划网络图( 双代号)，指出其关键线路( 用工作 表示)，并计算其总工期( 单位：月)。,2015-case1,2,bg_fp=95a01714a59a8506(bg509字)|idx_src=oid_xw_Q|gen=g0_xw|case_no_src=oid_xw_CASE,high,95a01714a59a8506,single_subquestion,g0_xw,4,4,False,False,True,2015,XW_2015_CASE_1_Q2,,True
13883,事件三中，分别指出施工单位提出的两项工期索赔和两项费用索赔是否成立，并说 明理由。,2015-case1,3,bg_fp=95a01714a59a8506(bg509字)|idx_src=oid_xw_Q|gen=g0_xw|case_no_src=oid_xw_CASE,high,95a01714a59a8506,single_subquestion,g0_xw,4,4,False,False,True,2015,XW_2015_CASE_1_Q3,,True
13884,事件四中，该专项方案是否需要组织专家论证？该梁跨中底模的最小起拱高度、跨 中混凝土浇筑高度分别是多少( 单位：mm)。,2015-case1,4,bg_fp=95a01714a59a8506(bg509字)|idx_src=oid_xw_Q|gen=g0_xw|case_no_src=oid_xw_CASE,high,95a01714a59a8506,single_subquestion,g0_xw,4,4,False,False,True,2015,XW_2015_CASE_1_Q4,,True
13885,事件一中，高层钢结构安装前现场的施工准备还应检查哪些工作？钢构件现场堆场 应具备哪些基本条件？,2015-case2,1,bg_fp=fc2b1b8e8d446620(bg456字)|idx_src=oid_xw_Q|gen=g0_xw|case_no_src=oid_xw_CASE,high,fc2b1b8e8d446620,single_subquestion,g0_xw,4,4,False,False,True,2015,XW_2015_CASE_2_Q1,,True
13886,事件二中，建筑幕墙与各楼层楼板间的缝隙隔离的主要防火构造做法是什么？幕墙 工程中有关安全和功能的检测项目有哪些？,2015-case2,2,bg_fp=fc2b1b8e8d446620(bg456字)|idx_src=oid_xw_Q|gen=g0_xw|case_no_src=oid_xw_CASE,high,fc2b1b8e8d446620,single_subquestion,g0_xw,4,4,False,False,True,2015,XW_2015_CASE_2_Q2,,True
13887,事件三中，指出防水节点施工图做法图示中的错误？,2015-case2,3,bg_fp=fc2b1b8e8d446620(bg456字)|idx_src=oid_xw_Q|gen=g0_xw|case_no_src=oid_xw_CASE,high,fc2b1b8e8d446620,single_subquestion,g0_xw,4,4,False,False,True,2015,XW_2015_CASE_2_Q3,,True
13888,事件四中，新型保温材料使用前还应有哪些程序性工程？节能分部工程的验收组织 有什么不妥？,2015-case2,4,bg_fp=fc2b1b8e8d446620(bg456字)|idx_src=oid_xw_Q|gen=g0_xw|case_no_src=oid_xw_CASE,high,fc2b1b8e8d446620,single_subquestion,g0_xw,4,4,False,False,True,2015,XW_2015_CASE_2_Q4,,True
13889,事件一中。按照《危险性较大的部门分项工程安全管理办法》( 建质[2009]87 号) 规定，本工程还应单独编制哪些专项施工方案？,2015-case3,1,bg_fp=b7e184bdaea98eaa(bg454字)|idx_src=oid_xw_Q|gen=g0_xw|case_no_src=oid_xw_CASE,high,b7e184bdaea98eaa,single_subquestion,g0_xw,4,4,False,False,True,2015,XW_2015_CASE_3_Q1,,True
13890,事件二中，除违章作业外，针对操作行为检查的“三违”巡查还应包括哪些内容？ 混凝土内支撑还可以采用哪几类拆除方法？,2015-case3,2,bg_fp=b7e184bdaea98eaa(bg454字)|idx_src=oid_xw_Q|gen=g0_xw|case_no_src=oid_xw_CASE,high,b7e184bdaea98eaa,single_subquestion,g0_xw,4,4,False,False,True,2015,XW_2015_CASE_3_Q2,,True
13891,写出事件三中技术交底的不妥之处，并说明楼层卸料平台上安全防护与管理的具体 措施。,2015-case3,3,bg_fp=b7e184bdaea98eaa(bg454字)|idx_src=oid_xw_Q|gen=g0_xw|case_no_src=oid_xw_CASE,high,b7e184bdaea98eaa,single_subquestion,g0_xw,4,4,False,False,True,2015,XW_2015_CASE_3_Q3,,True
13892,事件四中，施工单位对事故责任人的处理做法是否妥当？并说明理由。事故调查组 应还有哪些单位派员参加？,2015-case3,4,bg_fp=b7e184bdaea98eaa(bg454字)|idx_src=oid_xw_Q|gen=g0_xw|case_no_src=oid_xw_CASE,high,b7e184bdaea98eaa,single_subquestion,g0_xw,4,4,False,False,True,2015,XW_2015_CASE_3_Q4,,True
13893,事件一中，为配合建设单位办理施工许可证，总承包单位需要完成哪些保证工程质 量和安全的技术文件与手续？,2015-case4,1,bg_fp=20e0da5737feaf8c(bg751字)|idx_src=oid_xw_Q|gen=g0_xw|case_no_src=oid_xw_CASE,high,20e0da5737feaf8c,single_subquestion,g0_xw,5,5,False,False,True,2015,XW_2015_CASE_4_Q1,,True
13894,指出事件中的不妥之处，并说明正确做法，编制《项目管理目标责任书》的依据有 哪些？,2015-case4,2,bg_fp=20e0da5737feaf8c(bg751字)|idx_src=oid_xw_Q|gen=g0_xw|case_no_src=oid_xw_CASE,high,20e0da5737feaf8c,single_subquestion,g0_xw,5,5,False,False,True,2015,XW_2015_CASE_4_Q2,,True
13895,事件三中，列出计算采购费用和储存费用之和，并确定总承包单位应选择哪种采购 方案？现金流量表中应包括哪些活动产生的现金流量？,2015-case4,3,bg_fp=20e0da5737feaf8c(bg751字)|idx_src=oid_xw_Q|gen=g0_xw|case_no_src=oid_xw_CASE,high,20e0da5737feaf8c,single_subquestion,g0_xw,5,5,False,False,True,2015,XW_2015_CASE_4_Q3,,True
13896,事件四中，列式计算工程预付款、工程预付款起扣点( 单位：万元，保留小数点后 两位)。总承包单位的哪些索赔成立。,2015-case4,4,bg_fp=20e0da5737feaf8c(bg751字)|idx_src=oid_xw_Q|gen=g0_xw|case_no_src=oid_xw_CASE,high,20e0da5737feaf8c,single_subquestion,g0_xw,5,5,False,False,True,2015,XW_2015_CASE_4_Q4,,True
13897,支出事件五中的不妥之处，并说明正确做饭，按照劳务实名制管理劳务公司还应该 将哪些资料的复印件报总承包单位备案？,2015-case4,5,bg_fp=20e0da5737feaf8c(bg751字)|idx_src=oid_xw_Q|gen=g0_xw|case_no_src=oid_xw_CASE,high,20e0da5737feaf8c,single_subquestion,g0_xw,5,5,False,False,True,2015,XW_2015_CASE_4_Q5,,True
13828,指出桩基施工方案中的错误之处，并分別写出相应的正确做法。,2016-case1,1,bg_fp=9f29c88c27ee9c5e(bg644字)|idx_src=oid_xw_Q|gen=g0_xw|case_no_src=oid_xw_CASE,high,9f29c88c27ee9c5e,single_subquestion,g0_xw,4,4,False,False,True,2016,XW_2016_CASE_1_Q1,,True
13829,变形测量发现异常情兄后，第三方测量单位应及时采取哪些措施？针对变形测量， 除基坑周边地表出现明显裂缝外，还有哪些异常情况也应立即报告委托方？,2016-case1,2,bg_fp=9f29c88c27ee9c5e(bg644字)|idx_src=oid_xw_Q|gen=g0_xw|case_no_src=oid_xw_CASE,high,9f29c88c27ee9c5e,single_subquestion,g0_xw,4,4,False,False,True,2016,XW_2016_CASE_1_Q2,,True
13830,参照下图图示，在答题卡上相应位置绘制标准层装修的流水施工橫道图。 施工进度( 周) 施工过程 10 工序① 工序② 工序③,2016-case1,3,bg_fp=9f29c88c27ee9c5e(bg644字)|idx_src=oid_xw_Q|gen=g0_xw|case_no_src=oid_xw_CASE,high,9f29c88c27ee9c5e,single_subquestion,g0_xw,4,4,False,False,True,2016,XW_2016_CASE_1_Q3,,True
13831,分别判断施工单位提出的两项费用索赔是否成立，并写出相应理由。,2016-case1,4,bg_fp=9f29c88c27ee9c5e(bg644字)|idx_src=oid_xw_Q|gen=g0_xw|case_no_src=oid_xw_CASE,high,9f29c88c27ee9c5e,single_subquestion,g0_xw,4,4,False,False,True,2016,XW_2016_CASE_1_Q4,,True
13832,监理工程师同意地下室顶板拆模是否正确？背景资料中地下室顶板预应力梁拆除底 模及支架的前罝条件有哪些？,2016-case2,1,bg_fp=162868ae2c39c1f7(bg617字)|idx_src=oid_xw_Q|gen=g0_xw|case_no_src=oid_xw_CASE,high,162868ae2c39c1f7,single_subquestion,g0_xw,4,4,False,False,True,2016,XW_2016_CASE_2_Q1,,True
13833,本题中的质量事故属于哪个等级？指出事故上报的不妥之处，质量事故报告还应包 括哪些内容？,2016-case2,2,bg_fp=162868ae2c39c1f7(bg617字)|idx_src=oid_xw_Q|gen=g0_xw|case_no_src=oid_xw_CASE,high,162868ae2c39c1f7,single_subquestion,g0_xw,4,4,False,False,True,2016,XW_2016_CASE_2_Q2,,True
13834,除背景资料已明确的焊接参数组合条件外，还有哪些参数的组合条件也需要进行焊 接工艺评定？,2016-case2,3,bg_fp=162868ae2c39c1f7(bg617字)|idx_src=oid_xw_Q|gen=g0_xw|case_no_src=oid_xw_CASE,high,162868ae2c39c1f7,single_subquestion,g0_xw,4,4,False,False,True,2016,XW_2016_CASE_2_Q3,,True
13835,针对背景资料中填充墙砌体施工的不妥之处，写出相应的正确做法。,2016-case2,4,bg_fp=162868ae2c39c1f7(bg617字)|idx_src=oid_xw_Q|gen=g0_xw|case_no_src=oid_xw_CASE,high,162868ae2c39c1f7,single_subquestion,g0_xw,4,4,False,False,True,2016,XW_2016_CASE_2_Q4,,True
13836,本工程至少应配置几名专职安全员。根据《住房和城乡建设部关于印发建筑施工企 业主要负责人、项目负责人和专职安全生产管理人员安全生产管理规定实施意见的通知》 (2015-206 号)，项目经理部配置的专职安全员是否妥当？并说明理由？,2016-case3,1,bg_fp=962c7d8cc426ab82(bg405字)|idx_src=oid_xw_Q|gen=g0_xw|case_no_src=oid_xw_CASE,high,962c7d8cc426ab82,single_subquestion,g0_xw,4,4,False,False,True,2016,XW_2016_CASE_3_Q1,,True
13837,对于施工总承包单位编制的防汛应急救援预案，专业承包单位应如何执行？,2016-case3,2,bg_fp=962c7d8cc426ab82(bg405字)|idx_src=oid_xw_Q|gen=g0_xw|case_no_src=oid_xw_CASE,high,962c7d8cc426ab82,single_subquestion,g0_xw,4,4,False,False,True,2016,XW_2016_CASE_3_Q2,,True
13838,指出背景资料中脚手架搭设的错误之处,2016-case3,3,bg_fp=962c7d8cc426ab82(bg405字)|idx_src=oid_xw_Q|gen=g0_xw|case_no_src=oid_xw_CASE,high,962c7d8cc426ab82,single_subquestion,g0_xw,4,4,False,False,True,2016,XW_2016_CASE_3_Q3,,True
13839,按照《建筑施工安全检查标准》(JGJ59—2011)，现场高处作业检查的项目还应补 充哪些？,2016-case3,4,bg_fp=962c7d8cc426ab82(bg405字)|idx_src=oid_xw_Q|gen=g0_xw|case_no_src=oid_xw_CASE,high,962c7d8cc426ab82,single_subquestion,g0_xw,4,4,False,False,True,2016,XW_2016_CASE_3_Q4,,True
13840,双方签订合同的行为是否违法？双方签订的哪份合同有效？施工单位遇到此类现象 时，需要把握哪些关键点？,2016-case4,1,bg_fp=f215b0be1a7618dd(bg959字)|idx_src=oid_xw_Q|gen=g0_xw|case_no_src=oid_xw_CASE,high,f215b0be1a7618dd,single_subquestion,g0_xw,6,6,False,False,True,2016,XW_2016_CASE_4_Q1,,True
13841,工程图纸会审还应该有哪些单位参加？项目经理部进行图纸交底工作的目的是什 么？,2016-case4,2,bg_fp=f215b0be1a7618dd(bg959字)|idx_src=oid_xw_Q|gen=g0_xw|case_no_src=oid_xw_CASE,high,f215b0be1a7618dd,single_subquestion,g0_xw,6,6,False,False,True,2016,XW_2016_CASE_4_Q2,,True
13842,项目经理部制定项目成本计划的依据有哪些？施工至第几个月时项目累计现金流为 正？该月的累计净现金流是多少万元？,2016-case4,3,bg_fp=f215b0be1a7618dd(bg959字)|idx_src=oid_xw_Q|gen=g0_xw|case_no_src=oid_xw_CASE,high,f215b0be1a7618dd,single_subquestion,g0_xw,6,6,False,False,True,2016,XW_2016_CASE_4_Q3,,True
13843,截止2013 年12 月末，本项目的合同完工进度是多少？建造合同收入是多少万元( 保 留小数点后两位) ？资金供应需要考虑哪些条件？,2016-case4,4,bg_fp=f215b0be1a7618dd(bg959字)|idx_src=oid_xw_Q|gen=g0_xw|case_no_src=oid_xw_CASE,high,f215b0be1a7618dd,single_subquestion,g0_xw,6,6,False,False,True,2016,XW_2016_CASE_4_Q4,,True
13844,招标单位应对哪些招标工程量清单总体要求负责？除工程量清单漏项外，还有哪些 情况允许调整招标工程量清单所列工程量？依据本合同原则计算一层公共区域楼地面面层 的综合单价( 单位：元/m2) 及总价( 单位：万元，保留小数点后两位) 分别是多少？,2016-case4,5,bg_fp=f215b0be1a7618dd(bg959字)|idx_src=oid_xw_Q|gen=g0_xw|case_no_src=oid_xw_CASE,high,f215b0be1a7618dd,single_subquestion,g0_xw,6,6,False,False,True,2016,XW_2016_CASE_4_Q5,,True
13845,在本项目的竣工验收备案工作中，施工总承包单位还要向建设单位提交哪些文件？,2016-case4,6,bg_fp=f215b0be1a7618dd(bg959字)|idx_src=oid_xw_Q|gen=g0_xw|case_no_src=oid_xw_CASE,high,f215b0be1a7618dd,single_subquestion,g0_xw,6,6,False,False,True,2016,XW_2016_CASE_4_Q6,,True
13846,指出项目施工组织设计，外脚手架施工方案，塔吊安转拆卸方案编制，审批的不妥 之处，并写出相应的正确做法。,2016-case5,1,bg_fp=3bc42dc5f293f1d4(bg634字)|idx_src=oid_xw_Q|gen=g0_xw|case_no_src=oid_xw_CASE,high,3bc42dc5f293f1d4,single_subquestion,g0_xw,5,5,False,False,True,2016,XW_2016_CASE_5_Q1,,True
13847,指出施工现场消防技术方案的不妥之处，并写出相应的正确做法；施工总用水量是 多少( 单位：L/s) ？施工用水主管的计算管径是多少( 单位mm，保留两位小数) ？,2016-case5,2,bg_fp=3bc42dc5f293f1d4(bg634字)|idx_src=oid_xw_Q|gen=g0_xw|case_no_src=oid_xw_CASE,high,3bc42dc5f293f1d4,single_subquestion,g0_xw,5,5,False,False,True,2016,XW_2016_CASE_5_Q2,,True
13848,题中同条件养护试件的做法有何不妥？并写出正确做法。第5 层C30 混凝土同条件 养护试件的强度代表值是多少？,2016-case5,3,bg_fp=3bc42dc5f293f1d4(bg634字)|idx_src=oid_xw_Q|gen=g0_xw|case_no_src=oid_xw_CASE,high,3bc42dc5f293f1d4,single_subquestion,g0_xw,5,5,False,False,True,2016,XW_2016_CASE_5_Q3,,True
13849,分别指出项目塔吊基础设计计算和构造中的不妥之处？并写出正确做法。,2016-case5,4,bg_fp=3bc42dc5f293f1d4(bg634字)|idx_src=oid_xw_Q|gen=g0_xw|case_no_src=oid_xw_CASE,high,3bc42dc5f293f1d4,single_subquestion,g0_xw,5,5,False,False,True,2016,XW_2016_CASE_5_Q4,,True
13850,分别写出项目所在地和企业工商注册所在地建设行政主管部门对施工企业诚信行为 记录的管理内容有哪些？,2016-case5,5,bg_fp=3bc42dc5f293f1d4(bg634字)|idx_src=oid_xw_Q|gen=g0_xw|case_no_src=oid_xw_CASE,high,3bc42dc5f293f1d4,single_subquestion,g0_xw,5,5,False,False,True,2016,XW_2016_CASE_5_Q5,,True
9104,1. 背景资料中，需要进行专家论证的专项施工方案有哪些？排桩支护结构方式还有哪些？,2017-case6,1,bg_fp=48e67311a62c5e57(bg261字)|idx_src=stem_ordinal|gen=g2_exam_chunk|case_no_src=page_order|anchor=第2题|case_hash8=26ceb556,high,48e67311a62c5e57,single_subquestion,g2_exam_chunk,10,5,True,False,True,2017,EXAM_1A434000_P0017_01_CASE_26ceb556,EXAM_1A434000_P0017_01,True
17088,1. 背景资料中，需要进行专家论证的专项施工方案有哪些？排桩支护结构方式还有哪些？,2017-case6,1,bg_fp=48e67311a62c5e57(bg261字)|idx_src=stem_ordinal|gen=g3_exam_year|case_no_src=page_order,high,48e67311a62c5e57,single_subquestion,g3_exam_year,10,5,True,False,True,2017,EXAM_2017_1A434000_5b1d2432,,True
8744,2. 指出图5中措施做法的不妥之处。正常情况下，现场临时配电系统停电的顺序是什么？,2017-case6,2,bg_fp=48e67311a62c5e57(bg261字)|idx_src=stem_ordinal|gen=g1_auto|case_no_src=page_order,high,48e67311a62c5e57,single_subquestion,g1_auto,10,5,True,False,True,2017,AUTO_06b4a7441219710a,,True
17089,2. 指出图5中措施做法的不妥之处。正常情况下，现场临时配电系统停电的顺序是什么？,2017-case6,2,bg_fp=48e67311a62c5e57(bg261字)|idx_src=stem_ordinal|gen=g3_exam_year|case_no_src=page_order,high,48e67311a62c5e57,single_subquestion,g3_exam_year,10,5,True,False,True,2017,EXAM_2017_1A434000_7a917d41,,True
8745,3. 对需要市政停水、封路而影响环境时的正确做法是什么？,2017-case6,3,bg_fp=48e67311a62c5e57(bg261字)|idx_src=stem_ordinal|gen=g1_auto|case_no_src=page_order,high,48e67311a62c5e57,single_subquestion,g1_auto,10,5,True,False,True,2017,AUTO_41d45625e2a636d0,,True
17090,3. 对需要市政停水、封路而影响环境时的正确做法是什么？,2017-case6,3,bg_fp=48e67311a62c5e57(bg261字)|idx_src=stem_ordinal|gen=g3_exam_year|case_no_src=page_order,high,48e67311a62c5e57,single_subquestion,g3_exam_year,10,5,True,False,True,2017,EXAM_2017_1A434000_2b033f4d,,True
8746,4. 说明混凝土结构实体检验管理的正确做法。该钻芯检验部位C35混凝土实体检验结论是什么？并说明理由。,2017-case6,4,bg_fp=48e67311a62c5e57(bg261字)|idx_src=stem_ordinal|gen=g1_auto|case_no_src=page_order,high,48e67311a62c5e57,single_subquestion,g1_auto,10,5,True,False,True,2017,AUTO_631038a5ebb7285a,,True
17091,4. 说明混凝土结构实体检验管理的正确做法。该钻芯检验部位C35混凝土实体检验结论是什么？并说明理由。,2017-case6,4,bg_fp=48e67311a62c5e57(bg261字)|idx_src=stem_ordinal|gen=g3_exam_year|case_no_src=page_order,high,48e67311a62c5e57,single_subquestion,g3_exam_year,10,5,True,False,True,2017,EXAM_2017_1A434000_95ec41e5,,True
8747,5. 《单位工程质量竣工验收表》中“验收记录”、“验收结论”、“综合验收结论”应该由哪些单位填写？“综合验收结论”应该包含哪些内容？,2017-case6,5,bg_fp=48e67311a62c5e57(bg261字)|idx_src=stem_ordinal|gen=g1_auto|case_no_src=page_order,high,48e67311a62c5e57,single_subquestion,g1_auto,10,5,True,False,True,2017,AUTO_791d9f476dfde6dc,,True
17092,5. 《单位工程质量竣工验收表》中“验收记录”、“验收结论”、“综合验收结论”应该由哪些单位填写？“综合验收结论”应该包含哪些内容？,2017-case6,5,bg_fp=48e67311a62c5e57(bg261字)|idx_src=stem_ordinal|gen=g3_exam_year|case_no_src=page_order,high,48e67311a62c5e57,single_subquestion,g3_exam_year,10,5,True,False,True,2017,EXAM_2017_1A434000_d4ee5f97,,True
9152,1. 单位工程进度计划编制步骤还应包括哪些内容？,2018-case2,1,bg_fp=6b0975a526a1e819(bg325字)|idx_src=stem_ordinal|gen=g2_exam_chunk|case_no_src=page_order|anchor=案例分析(二)问题1-4|case_hash8=806166f6,high,6b0975a526a1e819,single_subquestion,g2_exam_chunk,11,4,True,False,True,2018,EXAM_1A433000_P0013_01_CASE_806166f6,EXAM_1A433000_P0013_01,True
17123,1. 单位工程进度计划编制步骤还应包括哪些内容？,2018-case2,1,bg_fp=6b0975a526a1e819(bg325字)|idx_src=stem_ordinal|gen=g3_exam_year|case_no_src=page_order,high,6b0975a526a1e819,single_subquestion,g3_exam_year,11,4,True,False,True,2018,EXAM_2018_1A433000_637ac5af,,True
8773,2. 图2中工程总工期是多少？管道安装的总时差和自由时差分别是多少？除工期优化外，进度网络计划的优化目标还有哪些？,2018-case2,2,bg_fp=6b0975a526a1e819(bg325字)|idx_src=stem_ordinal|gen=g1_auto|case_no_src=page_order,high,6b0975a526a1e819,single_subquestion,g1_auto,11,4,True,False,True,2018,AUTO_c1ca6627659c2f3a,,True
17124,2. 图2中工程总工期是多少？管道安装的总时差和自由时差分别是多少？除工期优化外，进度网络计划的优化目标还有哪些？,2018-case2,2,bg_fp=6b0975a526a1e819(bg325字)|idx_src=stem_ordinal|gen=g3_exam_year|case_no_src=page_order,high,6b0975a526a1e819,single_subquestion,g3_exam_year,11,4,True,False,True,2018,EXAM_2018_1A433000_1e40bc17,,True
8774,3. 监理工程师的建议是否合理？网架安装方法还有哪些？网架高空散装法施工的特点还有哪些？,2018-case2,3,bg_fp=6b0975a526a1e819(bg325字)|idx_src=stem_ordinal|gen=g1_auto|case_no_src=page_order,high,6b0975a526a1e819,single_subquestion,g1_auto,11,4,True,False,True,2018,AUTO_ba3b363307b3fd97,,True
17125,3. 监理工程师的建议是否合理？网架安装方法还有哪些？网架高空散装法施工的特点还有哪些？,2018-case2,3,bg_fp=6b0975a526a1e819(bg325字)|idx_src=stem_ordinal|gen=g3_exam_year|case_no_src=page_order,high,6b0975a526a1e819,single_subquestion,g3_exam_year,11,4,True,False,True,2018,EXAM_2018_1A433000_b2e29897,,True
8775,4. 施工单位提出的工期索赔是否成立？并说明理由。,2018-case2,4,bg_fp=6b0975a526a1e819(bg325字)|idx_src=stem_ordinal|gen=g1_auto|case_no_src=page_order,high,6b0975a526a1e819,single_subquestion,g1_auto,11,4,True,False,True,2018,AUTO_ff45c71b5308ecc8,,True
17126,4. 施工单位提出的工期索赔是否成立？并说明理由。,2018-case2,4,bg_fp=6b0975a526a1e819(bg325字)|idx_src=stem_ordinal|gen=g3_exam_year|case_no_src=page_order,high,6b0975a526a1e819,single_subquestion,g3_exam_year,11,4,True,False,True,2018,EXAM_2018_1A433000_56bfece3,,True
9168,2. 指出土方回填施工中的不妥之处？并写出正确做法。,2018-case3,2,bg_fp=8762c23edc95d4e0(bg369字)|idx_src=stem_ordinal|gen=g2_exam_chunk|case_no_src=page_order|anchor=案例分析(三)问题2|case_hash8=af1d532b,medium,8762c23edc95d4e0,single_subquestion,g2_exam_chunk,4,2,True,False,False,2018,EXAM_1A434000_P0015_01_CASE_af1d532b,EXAM_1A434000_P0015_01,True
17127,2. 指出土方回填施工中的不妥之处？并写出正确做法。,2018-case3,2,bg_fp=8762c23edc95d4e0(bg369字)|idx_src=stem_ordinal|gen=g3_exam_year|case_no_src=page_order,medium,8762c23edc95d4e0,single_subquestion,g3_exam_year,4,2,True,False,False,2018,EXAM_2018_1A434000_c8ee4ce9,,True
9169,3. 指出“后浇带专项方案”中的不妥之处？写出后浇带混凝土施工的主要技术措施。,2018-case3,3,bg_fp=8762c23edc95d4e0(bg369字)|idx_src=stem_ordinal|gen=g2_exam_chunk|case_no_src=page_order|anchor=案例分析(三)问题3|case_hash8=af1d532b,medium,8762c23edc95d4e0,single_subquestion,g2_exam_chunk,4,2,True,False,False,2018,EXAM_1A434000_P0016_02_CASE_af1d532b,EXAM_1A434000_P0016_02,True
17128,3. 指出“后浇带专项方案”中的不妥之处？写出后浇带混凝土施工的主要技术措施。,2018-case3,3,bg_fp=8762c23edc95d4e0(bg369字)|idx_src=stem_ordinal|gen=g3_exam_year|case_no_src=page_order,medium,8762c23edc95d4e0,single_subquestion,g3_exam_year,4,2,True,False,False,2018,EXAM_2018_1A434000_57e44407,,True
9174,3. 计算本工程签约合同价（单位万元，保留2位小数）。双方在工程量清单计价管理中应遵守的强制性规定还有哪些？,2018-case4,3,bg_fp=a895fb098a8b8288(bg461字)|idx_src=stem_ordinal|gen=g2_exam_chunk|case_no_src=page_order|anchor=问题3|case_hash8=ec2c074a,medium,a895fb098a8b8288,single_subquestion,g2_exam_chunk,5,1,True,False,False,2018,EXAM_1A432000_P0020_04_CASE_ec2c074a,EXAM_1A432000_P0020_04,True
17134,3. 计算本工程签约合同价（单位万元，保留2位小数）。双方在工程量清单计价管理中应遵守的强制性规定还有哪些？,2018-case4,3,bg_fp=a895fb098a8b8288(bg461字)|idx_src=stem_ordinal|gen=g3_exam_year|case_no_src=page_order,medium,a895fb098a8b8288,single_subquestion,g3_exam_year,5,1,True,False,False,2018,EXAM_2018_1A432000_bf0e314a,,True
9173,【背景资料】 2、本工程设计采用了某种新材料，总包单位为此支付给检测单位检验试验费 460 万元，要求开发商承担。 3、工程主体完工 3 个月后总包单位为配合开发商自行发包的燃气等专业工程施工，脚手架留置比计划延长 2 个月拆除。为此要求开发商支付 2 个月脚手架租赁费 68.0,2018-case5,1,bg_fp=b5d60f714d800caf(bg233字)|idx_src=stem_tail_ordinal|gen=g2_exam_chunk|case_no_src=page_order|anchor=第3题|case_hash8=11885328,medium,b5d60f714d800caf,single_subquestion,g2_exam_chunk,6,1,True,True,True,2018,EXAM_1A432000_P0019_01_CASE_11885328,EXAM_1A432000_P0019_01,True
9175,【背景资料】 2、本工程设计采用了某种新材料，总包单位为此支付给检测单位检验试验费 460 万元，要求开发商承担。 3、工程主体完工 3 个月后总包单位为配合开发商自行发包的燃气等专业工程施工，脚手架留置比计划延长 2 个月拆除。为此要求开发商支付 2 个月脚手架租赁费 68.0,2018-case5,1,bg_fp=b5d60f714d800caf(bg272字)|idx_src=stem_tail_ordinal|gen=g2_exam_chunk|case_no_src=page_order|anchor=第4题|case_hash8=11885328,medium,b5d60f714d800caf,single_subquestion,g2_exam_chunk,6,1,True,True,True,2018,EXAM_1A432000_P0020_02_CASE_11885328,EXAM_1A432000_P0020_02,True
17133,【背景资料】 2、本工程设计采用了某种新材料，总包单位为此支付给检测单位检验试验费 460 万元，要求开发商承担。 3、工程主体完工 3 个月后总包单位为配合开发商自行发包的燃气等专业工程施工，脚手架留置比计划延长 2 个月拆除。为此要求开发商支付 2 个月脚手架租赁费 68.0,2018-case5,1,bg_fp=b5d60f714d800caf(bg233字)|idx_src=stem_tail_ordinal|gen=g3_exam_year|case_no_src=page_order,medium,b5d60f714d800caf,single_subquestion,g3_exam_year,6,1,True,True,True,2018,EXAM_2018_1A432000_b8c9748b,,True
17135,【背景资料】 2、本工程设计采用了某种新材料，总包单位为此支付给检测单位检验试验费 460 万元，要求开发商承担。 3、工程主体完工 3 个月后总包单位为配合开发商自行发包的燃气等专业工程施工，脚手架留置比计划延长 2 个月拆除。为此要求开发商支付 2 个月脚手架租赁费 68.0,2018-case5,1,bg_fp=b5d60f714d800caf(bg272字)|idx_src=stem_tail_ordinal|gen=g3_exam_year|case_no_src=page_order,medium,b5d60f714d800caf,single_subquestion,g3_exam_year,6,1,True,True,True,2018,EXAM_2018_1A432000_1278b5ce,,True
9179,1. 施工机械设备选择的原则和方法分别还有哪些？当塔吊起吊荷载达到额定起重星90%以上对起重设备和重物的检查项目有哪些？,2018-case6,1,bg_fp=f7d08a888bf26a01(bg479字)|idx_src=stem_ordinal|gen=g2_exam_chunk|case_no_src=page_order|anchor=问题1|case_hash8=866ab318,high,f7d08a888bf26a01,single_subquestion,g2_exam_chunk,4,2,True,False,True,2018,EXAM_1A436000_P0022_02_CASE_866ab318,EXAM_1A436000_P0022_02,True
17137,1. 施工机械设备选择的原则和方法分别还有哪些？当塔吊起吊荷载达到额定起重星90%以上对起重设备和重物的检查项目有哪些？,2018-case6,1,bg_fp=f7d08a888bf26a01(bg479字)|idx_src=stem_ordinal|gen=g3_exam_year|case_no_src=page_order,high,f7d08a888bf26a01,single_subquestion,g3_exam_year,4,2,True,False,True,2018,EXAM_2018_1A436000_7cc8eb4d,,True
9180,2. 安全生产费用还应包括哪些内容？需要在施工组织设计中制定安全技术措施的高处作业项还有哪些？,2018-case6,2,bg_fp=f7d08a888bf26a01(bg479字)|idx_src=stem_ordinal|gen=g2_exam_chunk|case_no_src=page_order|anchor=问题2|case_hash8=866ab318,high,f7d08a888bf26a01,single_subquestion,g2_exam_chunk,4,2,True,False,True,2018,EXAM_1A436000_P0023_03_CASE_866ab318,EXAM_1A436000_P0023_03,True
17138,2. 安全生产费用还应包括哪些内容？需要在施工组织设计中制定安全技术措施的高处作业项还有哪些？,2018-case6,2,bg_fp=f7d08a888bf26a01(bg479字)|idx_src=stem_ordinal|gen=g3_exam_year|case_no_src=page_order,high,f7d08a888bf26a01,single_subquestion,g3_exam_year,4,2,True,False,True,2018,EXAM_2018_1A436000_2d504340,,True
9199,1. 计算每立方米P6C3混凝土设计配合比的水泥、中砂、碎石、水的用量？计算每立方P6C35混凝土施工配合比的水泥，中砂、碎石、水、粉煤灰的用量是多少？（单位：kg，小数点后保留2位）,2019-case1,1,bg_fp=39c25d221ac08c61(bg302字)|idx_src=stem_ordinal|gen=g2_exam_chunk|case_no_src=page_order|anchor=第1题|case_hash8=51ab32aa,medium,39c25d221ac08c61,single_subquestion,g2_exam_chunk,10,4,True,True,True,2019,EXAM_1A435000_P0011_01_CASE_51ab32aa,EXAM_1A435000_P0011_01,True
9200,1. 指出基坑支护专项方案论证的不妥之处，应参加专家论证会的单位还有哪些？,2019-case1,1,bg_fp=39c25d221ac08c61(bg302字)|idx_src=stem_ordinal|gen=g2_exam_chunk|case_no_src=page_order|anchor=第2题|case_hash8=51ab32aa,medium,39c25d221ac08c61,single_subquestion,g2_exam_chunk,10,4,True,True,True,2019,EXAM_1A433000_P0012_02_CASE_51ab32aa,EXAM_1A433000_P0012_02,True
17164,1. 计算每立方米P6C3混凝土设计配合比的水泥、中砂、碎石、水的用量？计算每立方P6C35混凝土施工配合比的水泥，中砂、碎石、水、粉煤灰的用量是多少？（单位：kg，小数点后保留2位）,2019-case1,1,bg_fp=39c25d221ac08c61(bg302字)|idx_src=stem_ordinal|gen=g3_exam_year|case_no_src=page_order,medium,39c25d221ac08c61,single_subquestion,g3_exam_year,10,4,True,True,True,2019,EXAM_2019_1A435000_81923431,,True
17167,1. 指出基坑支护专项方案论证的不妥之处，应参加专家论证会的单位还有哪些？,2019-case1,1,bg_fp=39c25d221ac08c61(bg302字)|idx_src=stem_ordinal|gen=g3_exam_year|case_no_src=page_order,medium,39c25d221ac08c61,single_subquestion,g3_exam_year,10,4,True,True,True,2019,EXAM_2019_1A433000_55ad34ac,,True
8808,2. 指出网络图中各施工工作的流水节拍，如采用成倍节拍流水施工，计算各施工工作专业队数量。,2019-case1,2,bg_fp=39c25d221ac08c61(bg302字)|idx_src=stem_ordinal|gen=g1_auto|case_no_src=page_order,high,39c25d221ac08c61,single_subquestion,g1_auto,10,4,True,False,True,2019,AUTO_5a23dcb3f37689af,,True
17168,2. 指出网络图中各施工工作的流水节拍，如采用成倍节拍流水施工，计算各施工工作专业队数量。,2019-case1,2,bg_fp=39c25d221ac08c61(bg302字)|idx_src=stem_ordinal|gen=g3_exam_year|case_no_src=page_order,high,39c25d221ac08c61,single_subquestion,g3_exam_year,10,4,True,False,True,2019,EXAM_2019_1A433000_7cf9b1e9,,True
8809,3. 进度计划监测检查方法还有哪些？写出第33天的实际进度检查结果。,2019-case1,3,bg_fp=39c25d221ac08c61(bg302字)|idx_src=stem_ordinal|gen=g1_auto|case_no_src=page_order,high,39c25d221ac08c61,single_subquestion,g1_auto,10,4,True,False,True,2019,AUTO_85d4e628903475fa,,True
17169,3. 进度计划监测检查方法还有哪些？写出第33天的实际进度检查结果。,2019-case1,3,bg_fp=39c25d221ac08c61(bg302字)|idx_src=stem_ordinal|gen=g3_exam_year|case_no_src=page_order,high,39c25d221ac08c61,single_subquestion,g3_exam_year,10,4,True,False,True,2019,EXAM_2019_1A433000_86114929,,True
8810,4. 门窗子分部工程中还包括哪些分项工程？门窗工程有关安全和功能检测的项目还有哪些？,2019-case1,4,bg_fp=39c25d221ac08c61(bg302字)|idx_src=stem_ordinal|gen=g1_auto|case_no_src=page_order,high,39c25d221ac08c61,single_subquestion,g1_auto,10,4,True,False,True,2019,AUTO_1057b62efd40a382,,True
17170,4. 门窗子分部工程中还包括哪些分项工程？门窗工程有关安全和功能检测的项目还有哪些？,2019-case1,4,bg_fp=39c25d221ac08c61(bg302字)|idx_src=stem_ordinal|gen=g3_exam_year|case_no_src=page_order,high,39c25d221ac08c61,single_subquestion,g3_exam_year,10,4,True,False,True,2019,EXAM_2019_1A433000_24ce35fd,,True
9216,【背景资料】 某工程钢筋混凝土基础底板，长度120m，宽度10m，厚度2.0m。混凝土设计强度等级P6C35，设计无后浇带。施工单位选用商品混凝土浇筑，P6C35混凝土设计配合比为1:1.7:2.8:0.46（水泥:中砂:碎石:水），水泥用量400kg/m³。粉煤灰掺量20%（等,2019-case2,1,bg_fp=92dd12a483f980cf(bg275字)|idx_src=stem_tail_ordinal|gen=g2_exam_chunk|case_no_src=page_order|anchor=案例一(一)背景资料|case_hash8=dcb8383b,medium,92dd12a483f980cf,single_subquestion,g2_exam_chunk,8,4,True,False,True,2019,EXAM_1A413030_P0012_04_CASE_dcb8383b,EXAM_1A413030_P0012_04,True
17171,【背景资料】 某工程钢筋混凝土基础底板，长度120m，宽度10m，厚度2.0m。混凝土设计强度等级P6C35，设计无后浇带。施工单位选用商品混凝土浇筑，P6C35混凝土设计配合比为1:1.7:2.8:0.46（水泥:中砂:碎石:水），水泥用量400kg/m³。粉煤灰掺量20%（等,2019-case2,1,bg_fp=92dd12a483f980cf(bg275字)|idx_src=stem_tail_ordinal|gen=g3_exam_year|case_no_src=page_order,medium,92dd12a483f980cf,single_subquestion,g3_exam_year,8,4,True,False,True,2019,EXAM_2019_1A413030_43a37d1f,,True
8812,【背景资料】 某工程钢筋混凝土基础底板，长度120m，宽度10m，厚度2.0m。混凝土设计强度等级P6C35，设计无后浇带。施工单位选用商品混凝土浇筑，P6C35混凝土设计配合比为1:1.7:2.8:0.46（水泥:中砂:碎石:水），水泥用量400kg/m³。粉煤灰掺量20%（等,2019-case2,2,bg_fp=92dd12a483f980cf(bg225字)|idx_src=stem_tail_ordinal|gen=g1_auto|case_no_src=page_order,medium,92dd12a483f980cf,single_subquestion,g1_auto,8,4,True,False,True,2019,AUTO_46ff09f718c42e11,,True
17172,【背景资料】 某工程钢筋混凝土基础底板，长度120m，宽度10m，厚度2.0m。混凝土设计强度等级P6C35，设计无后浇带。施工单位选用商品混凝土浇筑，P6C35混凝土设计配合比为1:1.7:2.8:0.46（水泥:中砂:碎石:水），水泥用量400kg/m³。粉煤灰掺量20%（等,2019-case2,2,bg_fp=92dd12a483f980cf(bg225字)|idx_src=stem_tail_ordinal|gen=g3_exam_year|case_no_src=page_order,medium,92dd12a483f980cf,single_subquestion,g3_exam_year,8,4,True,False,True,2019,EXAM_2019_1A413030_a8dde0f3,,True
8813,【背景资料】 某工程钢筋混凝土基础底板，长度120m，宽度10m，厚度2.0m。混凝土设计强度等级P6C35，设计无后浇带。施工单位选用商品混凝土浇筑，P6C35混凝土设计配合比为1:1.7:2.8:0.46（水泥:中砂:碎石:水），水泥用量400kg/m³。粉煤灰掺量20%（等,2019-case2,3,bg_fp=92dd12a483f980cf(bg233字)|idx_src=stem_tail_ordinal|gen=g1_auto|case_no_src=page_order,medium,92dd12a483f980cf,single_subquestion,g1_auto,8,4,True,False,True,2019,AUTO_3bd03e6efa4247f8,,True
17173,【背景资料】 某工程钢筋混凝土基础底板，长度120m，宽度10m，厚度2.0m。混凝土设计强度等级P6C35，设计无后浇带。施工单位选用商品混凝土浇筑，P6C35混凝土设计配合比为1:1.7:2.8:0.46（水泥:中砂:碎石:水），水泥用量400kg/m³。粉煤灰掺量20%（等,2019-case2,3,bg_fp=92dd12a483f980cf(bg233字)|idx_src=stem_tail_ordinal|gen=g3_exam_year|case_no_src=page_order,medium,92dd12a483f980cf,single_subquestion,g3_exam_year,8,4,True,False,True,2019,EXAM_2019_1A413030_1e6fded8,,True
8814,【背景资料】 某工程钢筋混凝土基础底板，长度120m，宽度10m，厚度2.0m。混凝土设计强度等级P6C35，设计无后浇带。施工单位选用商品混凝土浇筑，P6C35混凝土设计配合比为1:1.7:2.8:0.46（水泥:中砂:碎石:水），水泥用量400kg/m³。粉煤灰掺量20%（等,2019-case2,4,bg_fp=92dd12a483f980cf(bg224字)|idx_src=stem_tail_ordinal|gen=g1_auto|case_no_src=page_order,medium,92dd12a483f980cf,single_subquestion,g1_auto,8,4,True,False,True,2019,AUTO_73f9a9e0b7e37fa3,,True
17174,【背景资料】 某工程钢筋混凝土基础底板，长度120m，宽度10m，厚度2.0m。混凝土设计强度等级P6C35，设计无后浇带。施工单位选用商品混凝土浇筑，P6C35混凝土设计配合比为1:1.7:2.8:0.46（水泥:中砂:碎石:水），水泥用量400kg/m³。粉煤灰掺量20%（等,2019-case2,4,bg_fp=92dd12a483f980cf(bg224字)|idx_src=stem_tail_ordinal|gen=g3_exam_year|case_no_src=page_order,medium,92dd12a483f980cf,single_subquestion,g3_exam_year,8,4,True,False,True,2019,EXAM_2019_1A413030_790297a1,,True
9236,1. 冬期施工混凝土养护方法还有哪些？对底板混凝土养护中温差控制、温降梯度、养护时间应提出的控制指标是什么？,2019-case5,1,bg_fp=bed30fb7196b1313(bg478字)|idx_src=stem_ordinal|gen=g2_exam_chunk|case_no_src=page_order|anchor=第1题|case_hash8=8677f6d8,high,bed30fb7196b1313,single_subquestion,g2_exam_chunk,13,5,True,False,True,2019,EXAM_1A434000_P0019_01_CASE_8677f6d8,EXAM_1A434000_P0019_01,True
17179,1. 冬期施工混凝土养护方法还有哪些？对底板混凝土养护中温差控制、温降梯度、养护时间应提出的控制指标是什么？,2019-case5,1,bg_fp=bed30fb7196b1313(bg478字)|idx_src=stem_ordinal|gen=g3_exam_year|case_no_src=page_order,high,bed30fb7196b1313,single_subquestion,g3_exam_year,13,5,True,False,True,2019,EXAM_2019_1A434000_f8d9f717,,True
8820,2. 项目风险管理程序还有哪些？应对负面风险的措施还有哪些？,2019-case5,2,bg_fp=bed30fb7196b1313(bg478字)|idx_src=stem_ordinal|gen=g1_auto|case_no_src=page_order,medium,bed30fb7196b1313,single_subquestion,g1_auto,13,5,True,True,True,2019,AUTO_e8bfca43ab3a14c6,,True
9261,2. 项目风险管理程序还有哪些？应对负面风险的措施还有哪些？,2019-case5,2,bg_fp=bed30fb7196b1313(bg478字)|idx_src=stem_ordinal|gen=g2_exam_chunk|case_no_src=page_order|anchor=第2页|case_hash8=8677f6d8,medium,bed30fb7196b1313,single_subquestion,g2_exam_chunk,13,5,True,True,True,2019,EXAM_1A434000_P0020_02_CASE_8677f6d8,EXAM_1A434000_P0020_02,True
17180,2. 项目风险管理程序还有哪些？应对负面风险的措施还有哪些？,2019-case5,2,bg_fp=bed30fb7196b1313(bg478字)|idx_src=stem_ordinal|gen=g3_exam_year|case_no_src=page_order,medium,bed30fb7196b1313,single_subquestion,g3_exam_year,13,5,True,True,True,2019,EXAM_2019_1A434000_757aeb27,,True
8821,3. 指出施工员安全作业交底中的不妥之处，并写出正确做法。,2019-case5,3,bg_fp=bed30fb7196b1313(bg478字)|idx_src=stem_ordinal|gen=g1_auto|case_no_src=page_order,high,bed30fb7196b1313,single_subquestion,g1_auto,13,5,True,False,True,2019,AUTO_5f281a1081d911a3,,True
17181,3. 指出施工员安全作业交底中的不妥之处，并写出正确做法。,2019-case5,3,bg_fp=bed30fb7196b1313(bg478字)|idx_src=stem_ordinal|gen=g3_exam_year|case_no_src=page_order,high,bed30fb7196b1313,single_subquestion,g3_exam_year,13,5,True,False,True,2019,EXAM_2019_1A434000_ccc341c9,,True
8822,4. 墙体节能工程隐蔽工程验收的部位或内容还有哪些？,2019-case5,4,bg_fp=bed30fb7196b1313(bg478字)|idx_src=stem_ordinal|gen=g1_auto|case_no_src=page_order,high,bed30fb7196b1313,single_subquestion,g1_auto,13,5,True,False,True,2019,AUTO_12f7f54f7ac4803b,,True
17182,4. 墙体节能工程隐蔽工程验收的部位或内容还有哪些？,2019-case5,4,bg_fp=bed30fb7196b1313(bg478字)|idx_src=stem_ordinal|gen=g3_exam_year|case_no_src=page_order,high,bed30fb7196b1313,single_subquestion,g3_exam_year,13,5,True,False,True,2019,EXAM_2019_1A434000_7b60f101,,True
8823,5. 绿色建筑运行评价指标体系中的指标共有几类？不参与设计评价的指标有哪些？绿色建筑评价各等级的评价总得分标准是多少？,2019-case5,5,bg_fp=bed30fb7196b1313(bg478字)|idx_src=stem_ordinal|gen=g1_auto|case_no_src=page_order,high,bed30fb7196b1313,single_subquestion,g1_auto,13,5,True,False,True,2019,AUTO_184b6b691a1a1cb3,,True
17183,5. 绿色建筑运行评价指标体系中的指标共有几类？不参与设计评价的指标有哪些？绿色建筑评价各等级的评价总得分标准是多少？,2019-case5,5,bg_fp=bed30fb7196b1313(bg478字)|idx_src=stem_ordinal|gen=g3_exam_year|case_no_src=page_order,high,bed30fb7196b1313,single_subquestion,g3_exam_year,13,5,True,False,True,2019,EXAM_2019_1A434000_f4bb9ab5,,True
9280,1. 《项目疫情防控措施》规定的“四区”中除施工区外还有哪些？施工现场主要防疫物资有哪些？需要消毒的重点场所还有哪些？,2020-case1,1,bg_fp=88d40886c16fdbf2(bg566字)|idx_src=stem_ordinal|gen=g2_exam_chunk|case_no_src=page_order|anchor=案例一问题|case_hash8=d550a9fd,medium,88d40886c16fdbf2,single_subquestion,g2_exam_chunk,16,4,True,True,True,2020,EXAM_1A434020_P0009_01_CASE_d550a9fd,EXAM_1A434020_P0009_01,True
9297,1. 《项目疫情防控措施》规定的“四区”中除施工区外还有哪些？施工现场主要防疫物资有哪些？需要消毒的重点场所还有哪些？,2020-case1,1,bg_fp=88d40886c16fdbf2(bg386字)|idx_src=stem_ordinal|gen=g2_exam_chunk|case_no_src=page_order|anchor=案例一问题1|case_hash8=d550a9fd,medium,88d40886c16fdbf2,single_subquestion,g2_exam_chunk,16,4,True,True,True,2020,EXAM_1A433000_P0011_05_CASE_d550a9fd,EXAM_1A433000_P0011_05,True
17206,1. 《项目疫情防控措施》规定的“四区”中除施工区外还有哪些？施工现场主要防疫物资有哪些？需要消毒的重点场所还有哪些？,2020-case1,1,bg_fp=88d40886c16fdbf2(bg566字)|idx_src=stem_ordinal|gen=g3_exam_year|case_no_src=page_order,medium,88d40886c16fdbf2,single_subquestion,g3_exam_year,16,4,True,True,True,2020,EXAM_2020_1A434020_261152a7,,True
17214,1. 《项目疫情防控措施》规定的“四区”中除施工区外还有哪些？施工现场主要防疫物资有哪些？需要消毒的重点场所还有哪些？,2020-case1,1,bg_fp=88d40886c16fdbf2(bg386字)|idx_src=stem_ordinal|gen=g3_exam_year|case_no_src=page_order,medium,88d40886c16fdbf2,single_subquestion,g3_exam_year,16,4,True,True,True,2020,EXAM_2020_1A433000_5699be12,,True
8850,2. 作为混凝土浇筑模板的材料种类都有哪些？（如：木材）,2020-case1,2,bg_fp=88d40886c16fdbf2(bg566字)|idx_src=stem_ordinal|gen=g1_auto|case_no_src=page_order,medium,88d40886c16fdbf2,single_subquestion,g1_auto,16,4,True,True,True,2020,AUTO_4b742e3b30e1b496,,True
9298,2. 作为混凝土浇筑模板的材料种类都有哪些？（如：木材）,2020-case1,2,bg_fp=88d40886c16fdbf2(bg386字)|idx_src=stem_ordinal|gen=g2_exam_chunk|case_no_src=page_order|anchor=案例一问题2|case_hash8=d550a9fd,medium,88d40886c16fdbf2,single_subquestion,g2_exam_chunk,16,4,True,True,True,2020,EXAM_1A433000_P0012_06_CASE_d550a9fd,EXAM_1A433000_P0012_06,True
17207,2. 作为混凝土浇筑模板的材料种类都有哪些？（如：木材）,2020-case1,2,bg_fp=88d40886c16fdbf2(bg566字)|idx_src=stem_ordinal|gen=g3_exam_year|case_no_src=page_order,medium,88d40886c16fdbf2,single_subquestion,g3_exam_year,16,4,True,True,True,2020,EXAM_2020_1A434020_92764127,,True
17215,2. 作为混凝土浇筑模板的材料种类都有哪些？（如：木材）,2020-case1,2,bg_fp=88d40886c16fdbf2(bg386字)|idx_src=stem_ordinal|gen=g3_exam_year|case_no_src=page_order,medium,88d40886c16fdbf2,single_subquestion,g3_exam_year,16,4,True,True,True,2020,EXAM_2020_1A433000_3359852c,,True
8851,3. 写出表1中其他模板与支架承载力计算内容项目的参与荷载项。（如：支架水平杆及节点承载力：G1、G2、G3、Q1）,2020-case1,3,bg_fp=88d40886c16fdbf2(bg566字)|idx_src=stem_ordinal|gen=g1_auto|case_no_src=page_order,medium,88d40886c16fdbf2,single_subquestion,g1_auto,16,4,True,True,True,2020,AUTO_1258e0622f922182,,True
9300,3. 写出表1中其他模板与支架承载力计算内容项目的参与荷载项。（如：支架水平杆及节点承载力：G1、G2、G3、Q1）,2020-case1,3,bg_fp=88d40886c16fdbf2(bg386字)|idx_src=stem_ordinal|gen=g2_exam_chunk|case_no_src=page_order|anchor=案例一问题3|case_hash8=d550a9fd,medium,88d40886c16fdbf2,single_subquestion,g2_exam_chunk,16,4,True,True,True,2020,EXAM_1A433000_P0013_07_CASE_d550a9fd,EXAM_1A433000_P0013_07,True
17208,3. 写出表1中其他模板与支架承载力计算内容项目的参与荷载项。（如：支架水平杆及节点承载力：G1、G2、G3、Q1）,2020-case1,3,bg_fp=88d40886c16fdbf2(bg566字)|idx_src=stem_ordinal|gen=g3_exam_year|case_no_src=page_order,medium,88d40886c16fdbf2,single_subquestion,g3_exam_year,16,4,True,True,True,2020,EXAM_2020_1A434020_3aa1a633,,True
17217,3. 写出表1中其他模板与支架承载力计算内容项目的参与荷载项。（如：支架水平杆及节点承载力：G1、G2、G3、Q1）,2020-case1,3,bg_fp=88d40886c16fdbf2(bg386字)|idx_src=stem_ordinal|gen=g3_exam_year|case_no_src=page_order,medium,88d40886c16fdbf2,single_subquestion,g3_exam_year,16,4,True,True,True,2020,EXAM_2020_1A433000_e8093f9b,,True
8852,4. 指出图1中模板支撑架剖面图中的错误之处。,2020-case1,4,bg_fp=88d40886c16fdbf2(bg566字)|idx_src=stem_ordinal|gen=g1_auto|case_no_src=page_order,medium,88d40886c16fdbf2,single_subquestion,g1_auto,16,4,True,True,True,2020,AUTO_ed11cb8eca67d348,,True
9303,【背景资料】某工程项目部根据当地政府要求进行新冠疫情后复工，按照住建部《房屋市政工程复工复产指南》（建办质〔2020〕8号）规定，制定了《项目疫情防控措施》，其中规定有：（1）施工现场采取封闭式管理，严格施工区等“四区”分区，并设置隔离区和符合标准的隔离室；（2）根据工程规模和务,2020-case1,4,bg_fp=88d40886c16fdbf2(bg376字)|idx_src=anchor|gen=g2_exam_chunk|case_no_src=page_order|anchor=案例一问题4|case_hash8=d550a9fd,low,88d40886c16fdbf2,single_subquestion,g2_exam_chunk,16,4,True,True,True,2020,EXAM_1A433000_P0014_08_CASE_d550a9fd,EXAM_1A433000_P0014_08,True
17209,4. 指出图1中模板支撑架剖面图中的错误之处。,2020-case1,4,bg_fp=88d40886c16fdbf2(bg566字)|idx_src=stem_ordinal|gen=g3_exam_year|case_no_src=page_order,medium,88d40886c16fdbf2,single_subquestion,g3_exam_year,16,4,True,True,True,2020,EXAM_2020_1A434020_cb3798dc,,True
9299,1. 指出背景资料中施工进度计划编制中的不妥之处，施工进度总计划编制说明还包含哪些内容？,2020-case2,1,bg_fp=bfda5ff4d23c3019(bg511字)|idx_src=stem_ordinal|gen=g2_exam_chunk|case_no_src=page_order|anchor=案例二问题1|case_hash8=83e61864,medium,bfda5ff4d23c3019,single_subquestion,g2_exam_chunk,12,4,True,True,True,2020,EXAM_1A433000_P0013_01_CASE_83e61864,EXAM_1A433000_P0013_01,True
9301,1. 指出背景资料中施工进度计划编制中的不妥之处，施工进度总计划编制说明还包含哪些内容？,2020-case2,1,bg_fp=bfda5ff4d23c3019(bg351字)|idx_src=stem_ordinal|gen=g2_exam_chunk|case_no_src=page_order|anchor=问题1|case_hash8=fd68a7e7,medium,bfda5ff4d23c3019,single_subquestion,g2_exam_chunk,12,4,True,True,True,2020,EXAM_1A433000_P0014_04_CASE_fd68a7e7,EXAM_1A433000_P0014_04,True
17216,1. 指出背景资料中施工进度计划编制中的不妥之处，施工进度总计划编制说明还包含哪些内容？,2020-case2,1,bg_fp=bfda5ff4d23c3019(bg511字)|idx_src=stem_ordinal|gen=g3_exam_year|case_no_src=page_order,medium,bfda5ff4d23c3019,single_subquestion,g3_exam_year,12,4,True,True,True,2020,EXAM_2020_1A433000_f7bf5d02,,True
17218,1. 指出背景资料中施工进度计划编制中的不妥之处，施工进度总计划编制说明还包含哪些内容？,2020-case2,1,bg_fp=bfda5ff4d23c3019(bg351字)|idx_src=stem_ordinal|gen=g3_exam_year|case_no_src=page_order,medium,bfda5ff4d23c3019,single_subquestion,g3_exam_year,12,4,True,True,True,2020,EXAM_2020_1A433000_a526a22b,,True
9302,2. 列出图2调整后有变化的逻辑关系（以工作节点表示如：①→②或②→③）。计算调整后的总工期，列出关键线路（以工作名称表示如：A→D）。,2020-case2,2,bg_fp=bfda5ff4d23c3019(bg511字)|idx_src=stem_ordinal|gen=g2_exam_chunk|case_no_src=page_order|anchor=案例二问题2|case_hash8=83e61864,medium,bfda5ff4d23c3019,single_subquestion,g2_exam_chunk,12,4,True,True,True,2020,EXAM_1A433000_P0014_02_CASE_83e61864,EXAM_1A433000_P0014_02,True
9305,2. 列出图2调整后有变化的逻辑关系（以工作节点表示如：①→②或②→③）。计算调整后的总工期，列出关键线路（以工作名称表示如：A→D）。,2020-case2,2,bg_fp=bfda5ff4d23c3019(bg351字)|idx_src=stem_ordinal|gen=g2_exam_chunk|case_no_src=page_order|anchor=问题2|case_hash8=fd68a7e7,medium,bfda5ff4d23c3019,single_subquestion,g2_exam_chunk,12,4,True,True,True,2020,EXAM_1A433000_P0015_05_CASE_fd68a7e7,EXAM_1A433000_P0015_05,True
17219,2. 列出图2调整后有变化的逻辑关系（以工作节点表示如：①→②或②→③）。计算调整后的总工期，列出关键线路（以工作名称表示如：A→D）。,2020-case2,2,bg_fp=bfda5ff4d23c3019(bg511字)|idx_src=stem_ordinal|gen=g3_exam_year|case_no_src=page_order,medium,bfda5ff4d23c3019,single_subquestion,g3_exam_year,12,4,True,True,True,2020,EXAM_2020_1A433000_e3fb541b,,True
17222,2. 列出图2调整后有变化的逻辑关系（以工作节点表示如：①→②或②→③）。计算调整后的总工期，列出关键线路（以工作名称表示如：A→D）。,2020-case2,2,bg_fp=bfda5ff4d23c3019(bg351字)|idx_src=stem_ordinal|gen=g3_exam_year|case_no_src=page_order,medium,bfda5ff4d23c3019,single_subquestion,g3_exam_year,12,4,True,True,True,2020,EXAM_2020_1A433000_a07bea7b,,True
9306,3. 按照施工进度事后控制要求，社区活动中心应采取的措施有哪些？,2020-case2,3,bg_fp=bfda5ff4d23c3019(bg511字)|idx_src=stem_ordinal|gen=g2_exam_chunk|case_no_src=page_order|anchor=案例二问题3|case_hash8=83e61864,high,bfda5ff4d23c3019,single_subquestion,g2_exam_chunk,12,4,True,False,True,2020,EXAM_1A433000_P0015_03_CASE_83e61864,EXAM_1A433000_P0015_03,True
17223,3. 按照施工进度事后控制要求，社区活动中心应采取的措施有哪些？,2020-case2,3,bg_fp=bfda5ff4d23c3019(bg511字)|idx_src=stem_ordinal|gen=g3_exam_year|case_no_src=page_order,high,bfda5ff4d23c3019,single_subquestion,g3_exam_year,12,4,True,False,True,2020,EXAM_2020_1A433000_f542b20b,,True
9308,4. 主体结构混凝土子分部包含哪些分项工程？结构实体检验还应包含哪些检测项目？,2020-case2,4,bg_fp=bfda5ff4d23c3019(bg511字)|idx_src=stem_ordinal|gen=g2_exam_chunk|case_no_src=page_order|anchor=案例二问题4|case_hash8=83e61864,high,bfda5ff4d23c3019,single_subquestion,g2_exam_chunk,12,4,True,False,True,2020,EXAM_1A433000_P0016_04_CASE_83e61864,EXAM_1A433000_P0016_04,True
17225,4. 主体结构混凝土子分部包含哪些分项工程？结构实体检验还应包含哪些检测项目？,2020-case2,4,bg_fp=bfda5ff4d23c3019(bg511字)|idx_src=stem_ordinal|gen=g3_exam_year|case_no_src=page_order,high,bfda5ff4d23c3019,single_subquestion,g3_exam_year,12,4,True,False,True,2020,EXAM_2020_1A433000_4bd0e9ea,,True
9325,1. 招投标过程中的不妥之处？,2020-case3,1,bg_fp=d281598483fc8510(bg289字)|idx_src=stem_ordinal|gen=g2_exam_chunk|case_no_src=page_order|anchor=案例三问题1|case_hash8=59e8ef8d,high,d281598483fc8510,single_subquestion,g2_exam_chunk,4,1,True,False,True,2020,EXAM_1A432000_P0017_05_CASE_59e8ef8d,EXAM_1A432000_P0017_05,True
17230,1. 招投标过程中的不妥之处？,2020-case3,1,bg_fp=d281598483fc8510(bg289字)|idx_src=stem_ordinal|gen=g3_exam_year|case_no_src=page_order,high,d281598483fc8510,single_subquestion,g3_exam_year,4,1,True,False,True,2020,EXAM_2020_1A432000_22082c63,,True
9309,1. 写出表5-1中A-F所对应内容（如A: *万m²），施工安全评定结论分几个等级，评价依据有哪些？,2020-case5,1,bg_fp=889bc5cfd7ffb0e2(bg655字)|idx_src=stem_ordinal|gen=g2_exam_chunk|case_no_src=page_order|anchor=案例五|case_hash8=e005f7a8,medium,889bc5cfd7ffb0e2,single_subquestion,g2_exam_chunk,18,4,True,True,True,2020,EXAM_1A434000_P0017_01_CASE_e005f7a8,EXAM_1A434000_P0017_01,True
9326,1. 写出表5-1中A-F所对应内容（如A: *万㎡），施工安全评定结论分几个等级，评价依据有哪些？,2020-case5,1,bg_fp=889bc5cfd7ffb0e2(bg533字)|idx_src=stem_ordinal|gen=g2_exam_chunk|case_no_src=page_order|anchor=第1题|case_hash8=8e5530bf,medium,889bc5cfd7ffb0e2,single_subquestion,g2_exam_chunk,18,4,True,True,True,2020,EXAM_1A436000_P0019_01_CASE_8e5530bf,EXAM_1A436000_P0019_01,True
17226,1. 写出表5-1中A-F所对应内容（如A: *万m²），施工安全评定结论分几个等级，评价依据有哪些？,2020-case5,1,bg_fp=889bc5cfd7ffb0e2(bg655字)|idx_src=stem_ordinal|gen=g3_exam_year|case_no_src=page_order,medium,889bc5cfd7ffb0e2,single_subquestion,g3_exam_year,18,4,True,True,True,2020,EXAM_2020_1A434000_55f116aa,,True
17231,1. 写出表5-1中A-F所对应内容（如A: *万㎡），施工安全评定结论分几个等级，评价依据有哪些？,2020-case5,1,bg_fp=889bc5cfd7ffb0e2(bg533字)|idx_src=stem_ordinal|gen=g3_exam_year|case_no_src=page_order,medium,889bc5cfd7ffb0e2,single_subquestion,g3_exam_year,18,4,True,True,True,2020,EXAM_2020_1A436000_55d28e89,,True
8867,2. 建筑工程施工安全检查还有哪些形式？,2020-case5,2,bg_fp=889bc5cfd7ffb0e2(bg655字)|idx_src=stem_ordinal|gen=g1_auto|case_no_src=page_order,medium,889bc5cfd7ffb0e2,single_subquestion,g1_auto,18,4,True,True,True,2020,AUTO_33abdecf85df9c9b,,True
8872,2. 建筑工程施工安全检查还有哪些形式？,2020-case5,2,bg_fp=889bc5cfd7ffb0e2(bg533字)|idx_src=stem_ordinal|gen=g1_auto|case_no_src=page_order,medium,889bc5cfd7ffb0e2,single_subquestion,g1_auto,18,4,True,True,True,2020,AUTO_2f46642c0e531739,,True
17227,2. 建筑工程施工安全检查还有哪些形式？,2020-case5,2,bg_fp=889bc5cfd7ffb0e2(bg655字)|idx_src=stem_ordinal|gen=g3_exam_year|case_no_src=page_order,medium,889bc5cfd7ffb0e2,single_subquestion,g3_exam_year,18,4,True,True,True,2020,EXAM_2020_1A434000_d91ff01a,,True
17232,2. 建筑工程施工安全检查还有哪些形式？,2020-case5,2,bg_fp=889bc5cfd7ffb0e2(bg533字)|idx_src=stem_ordinal|gen=g3_exam_year|case_no_src=page_order,medium,889bc5cfd7ffb0e2,single_subquestion,g3_exam_year,18,4,True,True,True,2020,EXAM_2020_1A436000_f2ef6cc2,,True
8868,3. 指出工人宿舍管理的不妥之处并改正。在炊事员上岗期间，从个人卫生角度还有哪些具体管理？,2020-case5,3,bg_fp=889bc5cfd7ffb0e2(bg655字)|idx_src=stem_ordinal|gen=g1_auto|case_no_src=page_order,medium,889bc5cfd7ffb0e2,single_subquestion,g1_auto,18,4,True,True,True,2020,AUTO_c73780de234fdebd,,True
8873,3. 指出工人宿舍管理的不妥之处并改正。在炊事员上岗期间，从个人卫生角度还有哪些具体管理？,2020-case5,3,bg_fp=889bc5cfd7ffb0e2(bg533字)|idx_src=stem_ordinal|gen=g1_auto|case_no_src=page_order,medium,889bc5cfd7ffb0e2,single_subquestion,g1_auto,18,4,True,True,True,2020,AUTO_dbaeb212171c0362,,True
17228,3. 指出工人宿舍管理的不妥之处并改正。在炊事员上岗期间，从个人卫生角度还有哪些具体管理？,2020-case5,3,bg_fp=889bc5cfd7ffb0e2(bg655字)|idx_src=stem_ordinal|gen=g3_exam_year|case_no_src=page_order,medium,889bc5cfd7ffb0e2,single_subquestion,g3_exam_year,18,4,True,True,True,2020,EXAM_2020_1A434000_be9aa32e,,True
17233,3. 指出工人宿舍管理的不妥之处并改正。在炊事员上岗期间，从个人卫生角度还有哪些具体管理？,2020-case5,3,bg_fp=889bc5cfd7ffb0e2(bg533字)|idx_src=stem_ordinal|gen=g3_exam_year|case_no_src=page_order,medium,889bc5cfd7ffb0e2,single_subquestion,g3_exam_year,18,4,True,True,True,2020,EXAM_2020_1A436000_a3241a4a,,True
8869,4. 列式计算该工程绿色建筑总得分Q。该建筑属于哪个等级，还有哪些等级？生活便利评分还有什么指标？,2020-case5,4,bg_fp=889bc5cfd7ffb0e2(bg655字)|idx_src=stem_ordinal|gen=g1_auto|case_no_src=page_order,medium,889bc5cfd7ffb0e2,single_subquestion,g1_auto,18,4,True,True,True,2020,AUTO_5e3d25fe8c324d42,,True
8874,4. 列式计算该工程绿色建筑总得分Q。该建筑属于哪个等级，还有哪些等级？生活便利评分还有什么指标？,2020-case5,4,bg_fp=889bc5cfd7ffb0e2(bg533字)|idx_src=stem_ordinal|gen=g1_auto|case_no_src=page_order,medium,889bc5cfd7ffb0e2,single_subquestion,g1_auto,18,4,True,True,True,2020,AUTO_63c1c22764fd5bf9,,True
9342,基坑工程 | 模板支撑 | 高处作业 | 施工用电 | 外用电梯 | 塔吊 | 施工机具 | |----------|------------------|-----------|------------|-------------|-------------|---------,2020-case5,4,bg_fp=889bc5cfd7ffb0e2(bg513字)|idx_src=anchor|gen=g2_exam_chunk|case_no_src=page_order|anchor=第4题续|case_hash8=8e5530bf,low,889bc5cfd7ffb0e2,single_subquestion,g2_exam_chunk,18,4,True,True,True,2020,EXAM_1A436000_P0020_02_CASE_8e5530bf,EXAM_1A436000_P0020_02,True
17229,4. 列式计算该工程绿色建筑总得分Q。该建筑属于哪个等级，还有哪些等级？生活便利评分还有什么指标？,2020-case5,4,bg_fp=889bc5cfd7ffb0e2(bg655字)|idx_src=stem_ordinal|gen=g3_exam_year|case_no_src=page_order,medium,889bc5cfd7ffb0e2,single_subquestion,g3_exam_year,18,4,True,True,True,2020,EXAM_2020_1A434000_5edc2c64,,True
17234,4. 列式计算该工程绿色建筑总得分Q。该建筑属于哪个等级，还有哪些等级？生活便利评分还有什么指标？,2020-case5,4,bg_fp=889bc5cfd7ffb0e2(bg533字)|idx_src=stem_ordinal|gen=g3_exam_year|case_no_src=page_order,medium,889bc5cfd7ffb0e2,single_subquestion,g3_exam_year,18,4,True,True,True,2020,EXAM_2020_1A436000_a6844bb3,,True
9366,1. 指出项目劳动用工管理工作中不妥之处，并写出正确做法。,2021-case1,1,bg_fp=371b2bcd75e90227(bg312字)|idx_src=stem_ordinal|gen=g2_exam_chunk|case_no_src=page_order|anchor=案例题(一)|case_hash8=85156e53,high,371b2bcd75e90227,single_subquestion,g2_exam_chunk,20,5,True,False,True,2021,EXAM_1A431000_P0016_02_CASE_85156e53,EXAM_1A431000_P0016_02,True
9391,1. 指出项目劳动用工管理工作中不妥之处，并写出正确做法。,2021-case1,1,bg_fp=371b2bcd75e90227(bg298字)|idx_src=stem_ordinal|gen=g2_exam_chunk|case_no_src=page_order|anchor=第1题答案|case_hash8=123afc4a,high,371b2bcd75e90227,single_subquestion,g2_exam_chunk,20,5,True,False,True,2021,EXAM_1A433000_P0017_01_CASE_123afc4a,EXAM_1A433000_P0017_01,True
17271,1. 指出项目劳动用工管理工作中不妥之处，并写出正确做法。,2021-case1,1,bg_fp=371b2bcd75e90227(bg312字)|idx_src=stem_ordinal|gen=g3_exam_year|case_no_src=page_order,high,371b2bcd75e90227,single_subquestion,g3_exam_year,20,5,True,False,True,2021,EXAM_2021_1A431000_2d7b5642,,True
17276,1. 指出项目劳动用工管理工作中不妥之处，并写出正确做法。,2021-case1,1,bg_fp=371b2bcd75e90227(bg298字)|idx_src=stem_ordinal|gen=g3_exam_year|case_no_src=page_order,high,371b2bcd75e90227,single_subquestion,g3_exam_year,20,5,True,False,True,2021,EXAM_2021_1A433000_fbb0ee94,,True
8900,2. 为改善工人生活区居住环境，在一定规模的集中生活区应配套的必要生活设施有哪些？（如食堂）,2021-case1,2,bg_fp=371b2bcd75e90227(bg312字)|idx_src=stem_ordinal|gen=g1_auto|case_no_src=page_order,high,371b2bcd75e90227,single_subquestion,g1_auto,20,5,True,False,True,2021,AUTO_45d7f3b6ad071e9b,,True
8905,2. 为改善工人生活区居住环境，在一定规模的集中生活区应配套的必要生活设施有哪些？（如食堂）,2021-case1,2,bg_fp=371b2bcd75e90227(bg298字)|idx_src=stem_ordinal|gen=g1_auto|case_no_src=page_order,high,371b2bcd75e90227,single_subquestion,g1_auto,20,5,True,False,True,2021,AUTO_a6368a5e32161fd7,,True
17272,2. 为改善工人生活区居住环境，在一定规模的集中生活区应配套的必要生活设施有哪些？（如食堂）,2021-case1,2,bg_fp=371b2bcd75e90227(bg312字)|idx_src=stem_ordinal|gen=g3_exam_year|case_no_src=page_order,high,371b2bcd75e90227,single_subquestion,g3_exam_year,20,5,True,False,True,2021,EXAM_2021_1A431000_8a7a0af9,,True
17277,2. 为改善工人生活区居住环境，在一定规模的集中生活区应配套的必要生活设施有哪些？（如食堂）,2021-case1,2,bg_fp=371b2bcd75e90227(bg298字)|idx_src=stem_ordinal|gen=g3_exam_year|case_no_src=page_order,high,371b2bcd75e90227,single_subquestion,g3_exam_year,20,5,True,False,True,2021,EXAM_2021_1A433000_d8b80cb0,,True
8901,3. 常用高分子防水卷材有哪些？（如三元乙丙）,2021-case1,3,bg_fp=371b2bcd75e90227(bg312字)|idx_src=stem_ordinal|gen=g1_auto|case_no_src=page_order,high,371b2bcd75e90227,single_subquestion,g1_auto,20,5,True,False,True,2021,AUTO_289a3f426e7f4086,,True
8906,3. 常用高分子防水卷材有哪些？（如三元乙丙）,2021-case1,3,bg_fp=371b2bcd75e90227(bg298字)|idx_src=stem_ordinal|gen=g1_auto|case_no_src=page_order,high,371b2bcd75e90227,single_subquestion,g1_auto,20,5,True,False,True,2021,AUTO_53643a76aa3cc3ee,,True
17273,3. 常用高分子防水卷材有哪些？（如三元乙丙）,2021-case1,3,bg_fp=371b2bcd75e90227(bg312字)|idx_src=stem_ordinal|gen=g3_exam_year|case_no_src=page_order,high,371b2bcd75e90227,single_subquestion,g3_exam_year,20,5,True,False,True,2021,EXAM_2021_1A431000_cd4dd456,,True
17278,3. 常用高分子防水卷材有哪些？（如三元乙丙）,2021-case1,3,bg_fp=371b2bcd75e90227(bg298字)|idx_src=stem_ordinal|gen=g3_exam_year|case_no_src=page_order,high,371b2bcd75e90227,single_subquestion,g3_exam_year,20,5,True,False,True,2021,EXAM_2021_1A433000_1573cbab,,True
8902,4. 常用屋面隔离层材料有哪些？屋面防水层淋水、蓄水试验持续时间各是多少小时？,2021-case1,4,bg_fp=371b2bcd75e90227(bg312字)|idx_src=stem_ordinal|gen=g1_auto|case_no_src=page_order,high,371b2bcd75e90227,single_subquestion,g1_auto,20,5,True,False,True,2021,AUTO_faea9cdf04d3d864,,True
8907,4. 常用屋面隔离层材料有哪些？屋面防水层淋水、蓄水试验持续时间各是多少小时？,2021-case1,4,bg_fp=371b2bcd75e90227(bg298字)|idx_src=stem_ordinal|gen=g1_auto|case_no_src=page_order,high,371b2bcd75e90227,single_subquestion,g1_auto,20,5,True,False,True,2021,AUTO_bf823817985a3378,,True
17274,4. 常用屋面隔离层材料有哪些？屋面防水层淋水、蓄水试验持续时间各是多少小时？,2021-case1,4,bg_fp=371b2bcd75e90227(bg312字)|idx_src=stem_ordinal|gen=g3_exam_year|case_no_src=page_order,high,371b2bcd75e90227,single_subquestion,g3_exam_year,20,5,True,False,True,2021,EXAM_2021_1A431000_c359c426,,True
17279,4. 常用屋面隔离层材料有哪些？屋面防水层淋水、蓄水试验持续时间各是多少小时？,2021-case1,4,bg_fp=371b2bcd75e90227(bg298字)|idx_src=stem_ordinal|gen=g3_exam_year|case_no_src=page_order,high,371b2bcd75e90227,single_subquestion,g3_exam_year,20,5,True,False,True,2021,EXAM_2021_1A433000_be6f6b12,,True
8903,5. 写出图1中屋面构造层1-7对应的名称。,2021-case1,5,bg_fp=371b2bcd75e90227(bg312字)|idx_src=stem_ordinal|gen=g1_auto|case_no_src=page_order,high,371b2bcd75e90227,single_subquestion,g1_auto,20,5,True,False,True,2021,AUTO_47ce193b7b616965,,True
8908,5. 写出图1中屋面构造层1-7对应的名称。,2021-case1,5,bg_fp=371b2bcd75e90227(bg298字)|idx_src=stem_ordinal|gen=g1_auto|case_no_src=page_order,high,371b2bcd75e90227,single_subquestion,g1_auto,20,5,True,False,True,2021,AUTO_a2f323d783844b86,,True
17275,5. 写出图1中屋面构造层1-7对应的名称。,2021-case1,5,bg_fp=371b2bcd75e90227(bg312字)|idx_src=stem_ordinal|gen=g3_exam_year|case_no_src=page_order,high,371b2bcd75e90227,single_subquestion,g3_exam_year,20,5,True,False,True,2021,EXAM_2021_1A431000_6f48a215,,True
17280,5. 写出图1中屋面构造层1-7对应的名称。,2021-case1,5,bg_fp=371b2bcd75e90227(bg298字)|idx_src=stem_ordinal|gen=g3_exam_year|case_no_src=page_order,high,371b2bcd75e90227,single_subquestion,g3_exam_year,20,5,True,False,True,2021,EXAM_2021_1A433000_18779b77,,True
9416,1. 工程施工组织方式有哪些？组织流水施工时应考虑的工艺参数和时间参数分别包括哪些内容？,2021-case2,1,bg_fp=3e0ed69d351645b4(bg559字)|idx_src=stem_ordinal|gen=g2_exam_chunk|case_no_src=page_order|anchor=案例二背景|case_hash8=25bdef38,high,3e0ed69d351645b4,single_subquestion,g2_exam_chunk,14,4,True,False,True,2021,EXAM_1A433000_P0018_02_CASE_25bdef38,EXAM_1A433000_P0018_02,True
17281,1. 工程施工组织方式有哪些？组织流水施工时应考虑的工艺参数和时间参数分别包括哪些内容？,2021-case2,1,bg_fp=3e0ed69d351645b4(bg559字)|idx_src=stem_ordinal|gen=g3_exam_year|case_no_src=page_order,high,3e0ed69d351645b4,single_subquestion,g3_exam_year,14,4,True,False,True,2021,EXAM_2021_1A433000_236bf3e8,,True
8910,2. 施工总平面布置图设计要点还有哪些？布置施工升降机时，应考虑的条件和因素还有哪些？,2021-case2,2,bg_fp=3e0ed69d351645b4(bg559字)|idx_src=stem_ordinal|gen=g1_auto|case_no_src=page_order,high,3e0ed69d351645b4,single_subquestion,g1_auto,14,4,True,False,True,2021,AUTO_3502a72aa2530188,,True
17282,2. 施工总平面布置图设计要点还有哪些？布置施工升降机时，应考虑的条件和因素还有哪些？,2021-case2,2,bg_fp=3e0ed69d351645b4(bg559字)|idx_src=stem_ordinal|gen=g3_exam_year|case_no_src=page_order,high,3e0ed69d351645b4,single_subquestion,g3_exam_year,14,4,True,False,True,2021,EXAM_2021_1A433000_29e1b853,,True
8911,3. 根据图3-1中进度前锋线分析第8月底工程的实际进展情况,2021-case2,3,bg_fp=3e0ed69d351645b4(bg559字)|idx_src=stem_ordinal|gen=g1_auto|case_no_src=page_order,high,3e0ed69d351645b4,single_subquestion,g1_auto,14,4,True,False,True,2021,AUTO_8a646cc7f2125d2c,,True
17283,3. 根据图3-1中进度前锋线分析第8月底工程的实际进展情况,2021-case2,3,bg_fp=3e0ed69d351645b4(bg559字)|idx_src=stem_ordinal|gen=g3_exam_year|case_no_src=page_order,high,3e0ed69d351645b4,single_subquestion,g3_exam_year,14,4,True,False,True,2021,EXAM_2021_1A433000_27f1f3e1,,True
8912,4. 在答题纸上绘制（可以手绘）正确的从第9月开始到工程结束的双代号网络计划图（图3-2）。,2021-case2,4,bg_fp=3e0ed69d351645b4(bg559字)|idx_src=stem_ordinal|gen=g1_auto|case_no_src=page_order,high,3e0ed69d351645b4,single_subquestion,g1_auto,14,4,True,False,True,2021,AUTO_352bf416bdbac044,,True
17284,4. 在答题纸上绘制（可以手绘）正确的从第9月开始到工程结束的双代号网络计划图（图3-2）。,2021-case2,4,bg_fp=3e0ed69d351645b4(bg559字)|idx_src=stem_ordinal|gen=g3_exam_year|case_no_src=page_order,high,3e0ed69d351645b4,single_subquestion,g3_exam_year,14,4,True,False,True,2021,EXAM_2021_1A433000_6df73875,,True
8920,5. 建筑节能工程中的围护结构子分部工程包含哪些分项工程？墙体保温隔热材料进场时需要复验的性能指标有哪些？,2021-case5,5,bg_fp=c083f6f84e60657d(bg753字)|idx_src=stem_ordinal|gen=g1_auto|case_no_src=page_order,medium,c083f6f84e60657d,single_subquestion,g1_auto,6,1,True,True,False,2021,AUTO_f6ff09bec8ffa3e0,,True
9447,5. 建筑节能工程中的围护结构子分部工程包含哪些分项工程？墙体保温隔热材料进场时需要复验的性能指标有哪些？,2021-case5,5,bg_fp=c083f6f84e60657d(bg753字)|idx_src=stem_ordinal|gen=g2_exam_chunk|case_no_src=page_order|anchor=第5题|case_hash8=46c8dda0,medium,c083f6f84e60657d,single_subquestion,g2_exam_chunk,6,1,True,True,False,2021,EXAM_1A436000_P0026_02_CASE_46c8dda0,EXAM_1A436000_P0026_02,True
17292,5. 建筑节能工程中的围护结构子分部工程包含哪些分项工程？墙体保温隔热材料进场时需要复验的性能指标有哪些？,2021-case5,5,bg_fp=c083f6f84e60657d(bg753字)|idx_src=stem_ordinal|gen=g3_exam_year|case_no_src=page_order,medium,c083f6f84e60657d,single_subquestion,g3_exam_year,6,1,True,True,False,2021,EXAM_2021_1A436000_5c3f76af,,True
9466,1. 补充表1-1中A~G处的信息内容。,2022-case1,1,bg_fp=5141ff4501764d54(bg808字)|idx_src=stem_ordinal|gen=g2_exam_chunk|case_no_src=page_order|anchor=案例题(一)问题|case_hash8=e21abc02,high,5141ff4501764d54,single_subquestion,g2_exam_chunk,5,2,True,False,True,2022,EXAM_1A433000_P0011_01_CASE_e21abc02,EXAM_1A433000_P0011_01,True
17315,1. 补充表1-1中A~G处的信息内容。,2022-case1,1,bg_fp=5141ff4501764d54(bg808字)|idx_src=stem_ordinal|gen=g3_exam_year|case_no_src=page_order,high,5141ff4501764d54,single_subquestion,g3_exam_year,5,2,True,False,True,2022,EXAM_2022_1A433000_e19d103d,,True
8948,2. 分别写出配套工程1F、2F、3F柱C40混凝土同条件养护试件的等效龄期（d）和日平均气温累计数（℃·d）。,2022-case1,2,bg_fp=5141ff4501764d54(bg808字)|idx_src=stem_ordinal|gen=g1_auto|case_no_src=page_order,high,5141ff4501764d54,single_subquestion,g1_auto,5,2,True,False,True,2022,AUTO_18782d0335472b2b,,True
17316,2. 分别写出配套工程1F、2F、3F柱C40混凝土同条件养护试件的等效龄期（d）和日平均气温累计数（℃·d）。,2022-case1,2,bg_fp=5141ff4501764d54(bg808字)|idx_src=stem_ordinal|gen=g3_exam_year|case_no_src=page_order,high,5141ff4501764d54,single_subquestion,g3_exam_year,5,2,True,False,True,2022,EXAM_2022_1A433000_ff142b73,,True
9480,1. 施工企业安全生产管理制度内容还有哪些？,2022-case5,1,bg_fp=6f6c773691ad448a(bg516字)|idx_src=stem_ordinal|gen=g2_exam_chunk|case_no_src=page_order|anchor=第1题|case_hash8=b9501b0e,high,6f6c773691ad448a,single_subquestion,g2_exam_chunk,10,4,True,False,True,2022,EXAM_1A436000_P0019_01_CASE_b9501b0e,EXAM_1A436000_P0019_01,True
17324,1. 施工企业安全生产管理制度内容还有哪些？,2022-case5,1,bg_fp=6f6c773691ad448a(bg516字)|idx_src=stem_ordinal|gen=g3_exam_year|case_no_src=page_order,high,6f6c773691ad448a,single_subquestion,g3_exam_year,10,4,True,False,True,2022,EXAM_2022_1A436000_2424be82,,True
9481,2. 写出满堂脚手架检查中的空缺项，分别写出属于保证项目和一般项目的检查内容。,2022-case5,2,bg_fp=6f6c773691ad448a(bg516字)|idx_src=stem_ordinal|gen=g2_exam_chunk|case_no_src=page_order|anchor=第2题|case_hash8=b9501b0e,high,6f6c773691ad448a,single_subquestion,g2_exam_chunk,10,4,True,False,True,2022,EXAM_1A436000_P0020_02_CASE_b9501b0e,EXAM_1A436000_P0020_02,True
17325,2. 写出满堂脚手架检查中的空缺项，分别写出属于保证项目和一般项目的检查内容。,2022-case5,2,bg_fp=6f6c773691ad448a(bg516字)|idx_src=stem_ordinal|gen=g3_exam_year|case_no_src=page_order,high,6f6c773691ad448a,single_subquestion,g3_exam_year,10,4,True,False,True,2022,EXAM_2022_1A436000_1964d7ab,,True
9482,3. 混凝土浇筑过程的安全隐患主要表现形式还有哪些？,2022-case5,3,bg_fp=6f6c773691ad448a(bg516字)|idx_src=stem_ordinal|gen=g2_exam_chunk|case_no_src=page_order|anchor=第3题|case_hash8=b9501b0e,high,6f6c773691ad448a,single_subquestion,g2_exam_chunk,10,4,True,False,True,2022,EXAM_1A436000_P0021_03_CASE_b9501b0e,EXAM_1A436000_P0021_03,True
17326,3. 混凝土浇筑过程的安全隐患主要表现形式还有哪些？,2022-case5,3,bg_fp=6f6c773691ad448a(bg516字)|idx_src=stem_ordinal|gen=g3_exam_year|case_no_src=page_order,high,6f6c773691ad448a,single_subquestion,g3_exam_year,10,4,True,False,True,2022,EXAM_2022_1A436000_16ef1428,,True
9483,4. 改正表 5-2 中燃烧性能不符合要求部位的错误做法，装饰材料燃烧性能分几个等级？并分别写出代表含义（如 A-不燃）。,2022-case5,4,bg_fp=6f6c773691ad448a(bg516字)|idx_src=stem_ordinal|gen=g2_exam_chunk|case_no_src=page_order|anchor=第4题|case_hash8=b9501b0e,high,6f6c773691ad448a,single_subquestion,g2_exam_chunk,10,4,True,False,True,2022,EXAM_1A436000_P0022_04_CASE_b9501b0e,EXAM_1A436000_P0022_04,True
17327,4. 改正表 5-2 中燃烧性能不符合要求部位的错误做法，装饰材料燃烧性能分几个等级？并分别写出代表含义（如 A-不燃）。,2022-case5,4,bg_fp=6f6c773691ad448a(bg516字)|idx_src=stem_ordinal|gen=g3_exam_year|case_no_src=page_order,high,6f6c773691ad448a,single_subquestion,g3_exam_year,10,4,True,False,True,2022,EXAM_2022_1A436000_862e03f8,,True
9518,1. 指出工程施工质量检测管理工作中的不妥之处，并写出正确做法。（本问题2项不妥，多答不得分）混凝土试件制作与取样见证记录内容还有哪些？,2023-case1,1,bg_fp=2d44437d8bcc82ba(bg416字)|idx_src=stem_ordinal|gen=g2_exam_chunk|case_no_src=page_order|anchor=第1题|case_hash8=cd2277c2,high,2d44437d8bcc82ba,single_subquestion,g2_exam_chunk,16,4,True,False,True,2023,EXAM_1A433000_P0011_01_CASE_cd2277c2,EXAM_1A433000_P0011_01,True
17357,1. 指出工程施工质量检测管理工作中的不妥之处，并写出正确做法。（本问题2项不妥，多答不得分）混凝土试件制作与取样见证记录内容还有哪些？,2023-case1,1,bg_fp=2d44437d8bcc82ba(bg416字)|idx_src=stem_ordinal|gen=g3_exam_year|case_no_src=page_order,high,2d44437d8bcc82ba,single_subquestion,g3_exam_year,16,4,True,False,True,2023,EXAM_2023_1A433000_6dcf3251,,True
8982,2. 写出图1-1～图1-6显示的质量缺陷名称。（表示为图1-1-麻面）,2023-case1,2,bg_fp=2d44437d8bcc82ba(bg416字)|idx_src=stem_ordinal|gen=g1_auto|case_no_src=page_order,high,2d44437d8bcc82ba,single_subquestion,g1_auto,16,4,True,False,True,2023,AUTO_7a578bfb1f8a1f82,,True
17358,2. 写出图1-1～图1-6显示的质量缺陷名称。（表示为图1-1-麻面）,2023-case1,2,bg_fp=2d44437d8bcc82ba(bg416字)|idx_src=stem_ordinal|gen=g3_exam_year|case_no_src=page_order,high,2d44437d8bcc82ba,single_subquestion,g3_exam_year,16,4,True,False,True,2023,EXAM_2023_1A433000_546edd4e,,True
8983,3. 写出图1-7中防水构造层编号的构造名称。（表示为1-基础垫层）,2023-case1,3,bg_fp=2d44437d8bcc82ba(bg416字)|idx_src=stem_ordinal|gen=g1_auto|case_no_src=page_order,high,2d44437d8bcc82ba,single_subquestion,g1_auto,16,4,True,False,True,2023,AUTO_69e02613a50efa1f,,True
17359,3. 写出图1-7中防水构造层编号的构造名称。（表示为1-基础垫层）,2023-case1,3,bg_fp=2d44437d8bcc82ba(bg416字)|idx_src=stem_ordinal|gen=g3_exam_year|case_no_src=page_order,high,2d44437d8bcc82ba,single_subquestion,g3_exam_year,16,4,True,False,True,2023,EXAM_2023_1A433000_dfdc3688,,True
8984,4. 补充完整混凝土表面孔洞质量缺陷治理工艺流程内容。,2023-case1,4,bg_fp=2d44437d8bcc82ba(bg416字)|idx_src=stem_ordinal|gen=g1_auto|case_no_src=page_order,high,2d44437d8bcc82ba,single_subquestion,g1_auto,16,4,True,False,True,2023,AUTO_893f69c7425ed613,,True
17360,4. 补充完整混凝土表面孔洞质量缺陷治理工艺流程内容。,2023-case1,4,bg_fp=2d44437d8bcc82ba(bg416字)|idx_src=stem_ordinal|gen=g3_exam_year|case_no_src=page_order,high,2d44437d8bcc82ba,single_subquestion,g3_exam_year,16,4,True,False,True,2023,EXAM_2023_1A433000_960be27b,,True
9534,1. 写出图2的关键线路（采用节点方式表达，如①→②）和总工期。写出表2-1中基础施工和上部结构的流水节拍数。分别计算成倍节拍流水的流水步距、专业施工队数和总工期。,2023-case2,1,bg_fp=9176edd5d917a4c8(bg398字)|idx_src=stem_ordinal|gen=g2_exam_chunk|case_no_src=page_order|anchor=第2题|case_hash8=57500c76,medium,9176edd5d917a4c8,single_subquestion,g2_exam_chunk,13,4,True,True,True,2023,EXAM_1A433000_P0012_02_CASE_57500c76,EXAM_1A433000_P0012_02,True
9550,1. 写出图2的关键线路（采用节点方式表达，如①→②）和总工期。写出表2-1中基础施工和上部结构的流水节拍数。分别计算成倍节拍流水的流水步距、专业施工队数和总工期。,2023-case2,1,bg_fp=9176edd5d917a4c8(bg587字)|idx_src=stem_ordinal|gen=g2_exam_chunk|case_no_src=page_order|anchor=第1题|case_hash8=57500c76,medium,9176edd5d917a4c8,single_subquestion,g2_exam_chunk,13,4,True,True,True,2023,EXAM_1A433000_P0013_01_CASE_57500c76,EXAM_1A433000_P0013_01,True
17363,1. 写出图2的关键线路（采用节点方式表达，如①→②）和总工期。写出表2-1中基础施工和上部结构的流水节拍数。分别计算成倍节拍流水的流水步距、专业施工队数和总工期。,2023-case2,1,bg_fp=9176edd5d917a4c8(bg398字)|idx_src=stem_ordinal|gen=g3_exam_year|case_no_src=page_order,medium,9176edd5d917a4c8,single_subquestion,g3_exam_year,13,4,True,True,True,2023,EXAM_2023_1A433000_baa6e17b,,True
17368,1. 写出图2的关键线路（采用节点方式表达，如①→②）和总工期。写出表2-1中基础施工和上部结构的流水节拍数。分别计算成倍节拍流水的流水步距、专业施工队数和总工期。,2023-case2,1,bg_fp=9176edd5d917a4c8(bg587字)|idx_src=stem_ordinal|gen=g3_exam_year|case_no_src=page_order,medium,9176edd5d917a4c8,single_subquestion,g3_exam_year,13,4,True,True,True,2023,EXAM_2023_1A433000_ba1ac525,,True
8986,2. 写出表2-2中A、B、C、D处的内容。除了施工进度调整外，还有哪些情况需要调整施工检测试验计划？,2023-case2,2,bg_fp=9176edd5d917a4c8(bg398字)|idx_src=stem_ordinal|gen=g1_auto|case_no_src=page_order,medium,9176edd5d917a4c8,single_subquestion,g1_auto,13,4,True,True,True,2023,AUTO_8812a33ffe4fe344,,True
8990,2. 写出表2-2中A、B、C、D处的内容。除了施工进度调整外，还有哪些情况需要调整施工检测试验计划？,2023-case2,2,bg_fp=9176edd5d917a4c8(bg587字)|idx_src=stem_ordinal|gen=g1_auto|case_no_src=page_order,medium,9176edd5d917a4c8,single_subquestion,g1_auto,13,4,True,True,True,2023,AUTO_bd15a025400c235b,,True
17364,2. 写出表2-2中A、B、C、D处的内容。除了施工进度调整外，还有哪些情况需要调整施工检测试验计划？,2023-case2,2,bg_fp=9176edd5d917a4c8(bg398字)|idx_src=stem_ordinal|gen=g3_exam_year|case_no_src=page_order,medium,9176edd5d917a4c8,single_subquestion,g3_exam_year,13,4,True,True,True,2023,EXAM_2023_1A433000_9f5869d7,,True
17369,2. 写出表2-2中A、B、C、D处的内容。除了施工进度调整外，还有哪些情况需要调整施工检测试验计划？,2023-case2,2,bg_fp=9176edd5d917a4c8(bg587字)|idx_src=stem_ordinal|gen=g3_exam_year|case_no_src=page_order,medium,9176edd5d917a4c8,single_subquestion,g3_exam_year,13,4,True,True,True,2023,EXAM_2023_1A433000_7f65ec52,,True
8987,3. 指出雨期施工专项方案中的不妥之处，并写出正确做法。（本小题3项不妥，多答不得分）,2023-case2,3,bg_fp=9176edd5d917a4c8(bg398字)|idx_src=stem_ordinal|gen=g1_auto|case_no_src=page_order,high,9176edd5d917a4c8,single_subquestion,g1_auto,13,4,True,False,True,2023,AUTO_f795a2d7432fdca9,,True
17365,3. 指出雨期施工专项方案中的不妥之处，并写出正确做法。（本小题3项不妥，多答不得分）,2023-case2,3,bg_fp=9176edd5d917a4c8(bg398字)|idx_src=stem_ordinal|gen=g3_exam_year|case_no_src=page_order,high,9176edd5d917a4c8,single_subquestion,g3_exam_year,13,4,True,False,True,2023,EXAM_2023_1A433000_ce810171,,True
8988,4. 主体结构工程的分部工程验收还应有哪些人员参加？结构实体检验除混凝土强度外还有哪些项目？,2023-case2,4,bg_fp=9176edd5d917a4c8(bg398字)|idx_src=stem_ordinal|gen=g1_auto|case_no_src=page_order,high,9176edd5d917a4c8,single_subquestion,g1_auto,13,4,True,False,True,2023,AUTO_df756424af54b265,,True
17366,4. 主体结构工程的分部工程验收还应有哪些人员参加？结构实体检验除混凝土强度外还有哪些项目？,2023-case2,4,bg_fp=9176edd5d917a4c8(bg398字)|idx_src=stem_ordinal|gen=g3_exam_year|case_no_src=page_order,high,9176edd5d917a4c8,single_subquestion,g3_exam_year,13,4,True,False,True,2023,EXAM_2023_1A433000_e1d94884,,True
9559,1. 指出工程质量计划编制和管理中的不妥之处，并写出正确做法。工程质量计划中应设置质量控制点的关键部位和环节有哪些？,2023-case3,1,bg_fp=53744e961e672050(bg529字)|idx_src=stem_ordinal|gen=g2_exam_chunk|case_no_src=page_order|anchor=第1题|case_hash8=4b4d46ec,high,53744e961e672050,single_subquestion,g2_exam_chunk,8,4,True,False,True,2023,EXAM_1A434000_P0015_01_CASE_4b4d46ec,EXAM_1A434000_P0015_01,True
17371,1. 指出工程质量计划编制和管理中的不妥之处，并写出正确做法。工程质量计划中应设置质量控制点的关键部位和环节有哪些？,2023-case3,1,bg_fp=53744e961e672050(bg529字)|idx_src=stem_ordinal|gen=g3_exam_year|case_no_src=page_order,high,53744e961e672050,single_subquestion,g3_exam_year,8,4,True,False,True,2023,EXAM_2023_1A434000_ff97cae4,,True
8993,2. 灌注桩桩身完整性检测方法还有哪些？桩身完整性抽检数量的标准规定有哪些？,2023-case3,2,bg_fp=53744e961e672050(bg529字)|idx_src=stem_ordinal|gen=g1_auto|case_no_src=page_order,high,53744e961e672050,single_subquestion,g1_auto,8,4,True,False,True,2023,AUTO_14492a2078ad0636,,True
17372,2. 灌注桩桩身完整性检测方法还有哪些？桩身完整性抽检数量的标准规定有哪些？,2023-case3,2,bg_fp=53744e961e672050(bg529字)|idx_src=stem_ordinal|gen=g3_exam_year|case_no_src=page_order,high,53744e961e672050,single_subquestion,g3_exam_year,8,4,True,False,True,2023,EXAM_2023_1A434000_0a72df3c,,True
8994,3. 指出钢筋连接接头面积百分率等要求中的不妥之处，并写出正确做法。（本问题 2 项不妥之处，多答不得分）现场钢筋直螺纹接头加工和安装质量检测专用工具有哪些？,2023-case3,3,bg_fp=53744e961e672050(bg529字)|idx_src=stem_ordinal|gen=g1_auto|case_no_src=page_order,high,53744e961e672050,single_subquestion,g1_auto,8,4,True,False,True,2023,AUTO_98f498fad0145a38,,True
17373,3. 指出钢筋连接接头面积百分率等要求中的不妥之处，并写出正确做法。（本问题 2 项不妥之处，多答不得分）现场钢筋直螺纹接头加工和安装质量检测专用工具有哪些？,2023-case3,3,bg_fp=53744e961e672050(bg529字)|idx_src=stem_ordinal|gen=g3_exam_year|case_no_src=page_order,high,53744e961e672050,single_subquestion,g3_exam_year,8,4,True,False,True,2023,EXAM_2023_1A434000_3a0f45e9,,True
8995,4. 写出屋面卷材流淌原因分析中的不妥项（本问题 3 项不妥之处，多答不得分）写出钉钉子法的正确做法。,2023-case3,4,bg_fp=53744e961e672050(bg529字)|idx_src=stem_ordinal|gen=g1_auto|case_no_src=page_order,high,53744e961e672050,single_subquestion,g1_auto,8,4,True,False,True,2023,AUTO_b2212042e6d3fe3f,,True
17374,4. 写出屋面卷材流淌原因分析中的不妥项（本问题 3 项不妥之处，多答不得分）写出钉钉子法的正确做法。,2023-case3,4,bg_fp=53744e961e672050(bg529字)|idx_src=stem_ordinal|gen=g3_exam_year|case_no_src=page_order,high,53744e961e672050,single_subquestion,g3_exam_year,8,4,True,False,True,2023,EXAM_2023_1A434000_c250454b,,True
9576,1. 通常情况下，一套完整的建筑工程土建施工图纸由哪几部分组成？,2023-case4,1,bg_fp=839eba9b33abea0f(bg525字)|idx_src=stem_ordinal|gen=g2_exam_chunk|case_no_src=page_order|anchor=第17页|case_hash8=607323a1,high,839eba9b33abea0f,single_subquestion,g2_exam_chunk,11,5,True,False,True,2023,EXAM_1A432000_P0017_01_CASE_607323a1,EXAM_1A432000_P0017_01,True
17376,1. 通常情况下，一套完整的建筑工程土建施工图纸由哪几部分组成？,2023-case4,1,bg_fp=839eba9b33abea0f(bg525字)|idx_src=stem_ordinal|gen=g3_exam_year|case_no_src=page_order,high,839eba9b33abea0f,single_subquestion,g3_exam_year,11,5,True,False,True,2023,EXAM_2023_1A432000_f2b933a9,,True
8998,2. 除质量标准、工期、工程价款与支付方式外，签订合同签约时还应明确哪些事项？,2023-case4,2,bg_fp=839eba9b33abea0f(bg525字)|idx_src=stem_ordinal|gen=g1_auto|case_no_src=page_order,high,839eba9b33abea0f,single_subquestion,g1_auto,11,5,True,False,True,2023,AUTO_9473967ac6b0cb12,,True
17377,2. 除质量标准、工期、工程价款与支付方式外，签订合同签约时还应明确哪些事项？,2023-case4,2,bg_fp=839eba9b33abea0f(bg525字)|idx_src=stem_ordinal|gen=g3_exam_year|case_no_src=page_order,high,839eba9b33abea0f,single_subquestion,g3_exam_year,11,5,True,False,True,2023,EXAM_2023_1A432000_252bb85e,,True
8999,3. 建筑工程施工平面管理的总体要求还有哪些？,2023-case4,3,bg_fp=839eba9b33abea0f(bg525字)|idx_src=stem_ordinal|gen=g1_auto|case_no_src=page_order,high,839eba9b33abea0f,single_subquestion,g1_auto,11,5,True,False,True,2023,AUTO_04533541fcc8c5b1,,True
17378,3. 建筑工程施工平面管理的总体要求还有哪些？,2023-case4,3,bg_fp=839eba9b33abea0f(bg525字)|idx_src=stem_ordinal|gen=g3_exam_year|case_no_src=page_order,high,839eba9b33abea0f,single_subquestion,g3_exam_year,11,5,True,False,True,2023,EXAM_2023_1A432000_5b2f01aa,,True
9000,4. 分别计算签约合同价中的项目措施费、安全文明施工费、签约合同价各是多少万元？（计算结果四舍五入取整数）,2023-case4,4,bg_fp=839eba9b33abea0f(bg525字)|idx_src=stem_ordinal|gen=g1_auto|case_no_src=page_order,high,839eba9b33abea0f,single_subquestion,g1_auto,11,5,True,False,True,2023,AUTO_a708fab6c904816f,,True
17379,4. 分别计算签约合同价中的项目措施费、安全文明施工费、签约合同价各是多少万元？（计算结果四舍五入取整数）,2023-case4,4,bg_fp=839eba9b33abea0f(bg525字)|idx_src=stem_ordinal|gen=g3_exam_year|case_no_src=page_order,high,839eba9b33abea0f,single_subquestion,g3_exam_year,11,5,True,False,True,2023,EXAM_2023_1A432000_8b6cfbef,,True
9001,5. 用单位工程量成本比较法列式计算选用哪种型号的设备。（计算公式：C=(R+F×X)/(Q×X)）除考虑经济性外，施工机械设备选择原则还有哪些？,2023-case4,5,bg_fp=839eba9b33abea0f(bg525字)|idx_src=stem_ordinal|gen=g1_auto|case_no_src=page_order,medium,839eba9b33abea0f,single_subquestion,g1_auto,11,5,True,True,True,2023,AUTO_a5a424282415ea97,,True
17380,5. 用单位工程量成本比较法列式计算选用哪种型号的设备。（计算公式：C=(R+F×X)/(Q×X)）除考虑经济性外，施工机械设备选择原则还有哪些？,2023-case4,5,bg_fp=839eba9b33abea0f(bg525字)|idx_src=stem_ordinal|gen=g3_exam_year|case_no_src=page_order,medium,839eba9b33abea0f,single_subquestion,g3_exam_year,11,5,True,True,True,2023,EXAM_2023_1A432000_94b4f86a,,True
9612,1. 建筑工程施工安全检查的主要形式还有哪些？作业班组安全检查的时间有哪些？,2023-case5,1,bg_fp=e42d533c047658ad(bg692字)|idx_src=stem_ordinal|gen=g2_exam_chunk|case_no_src=page_order|anchor=第1题|case_hash8=7ac2f8e4,high,e42d533c047658ad,single_subquestion,g2_exam_chunk,10,5,True,False,True,2023,EXAM_1A436000_P0019_01_CASE_7ac2f8e4,EXAM_1A436000_P0019_01,True
17382,1. 建筑工程施工安全检查的主要形式还有哪些？作业班组安全检查的时间有哪些？,2023-case5,1,bg_fp=e42d533c047658ad(bg692字)|idx_src=stem_ordinal|gen=g3_exam_year|case_no_src=page_order,high,e42d533c047658ad,single_subquestion,g3_exam_year,10,5,True,False,True,2023,EXAM_2023_1A436000_201c4999,,True
9004,2. 施工现场布置塔吊时应考虑的因素还有哪些？安全检查标准中塔式起重机的一般项目有哪些？,2023-case5,2,bg_fp=e42d533c047658ad(bg692字)|idx_src=stem_ordinal|gen=g1_auto|case_no_src=page_order,high,e42d533c047658ad,single_subquestion,g1_auto,10,5,True,False,True,2023,AUTO_b855a7f059964c69,,True
17383,2. 施工现场布置塔吊时应考虑的因素还有哪些？安全检查标准中塔式起重机的一般项目有哪些？,2023-case5,2,bg_fp=e42d533c047658ad(bg692字)|idx_src=stem_ordinal|gen=g3_exam_year|case_no_src=page_order,high,e42d533c047658ad,single_subquestion,g3_exam_year,10,5,True,False,True,2023,EXAM_2023_1A436000_4b85193a,,True
9005,3. 指出钢结构施工高处作业安全防护方案中的不妥之处，并写出正确做法。（本问题 3 项不妥，多答不得分）安全防护栏杆的条纹警戒标示用什么颜色？,2023-case5,3,bg_fp=e42d533c047658ad(bg692字)|idx_src=stem_ordinal|gen=g1_auto|case_no_src=page_order,high,e42d533c047658ad,single_subquestion,g1_auto,10,5,True,False,True,2023,AUTO_e5a9f30b862ffb79,,True
17384,3. 指出钢结构施工高处作业安全防护方案中的不妥之处，并写出正确做法。（本问题 3 项不妥，多答不得分）安全防护栏杆的条纹警戒标示用什么颜色？,2023-case5,3,bg_fp=e42d533c047658ad(bg692字)|idx_src=stem_ordinal|gen=g3_exam_year|case_no_src=page_order,high,e42d533c047658ad,single_subquestion,g3_exam_year,10,5,True,False,True,2023,EXAM_2023_1A436000_b6ca75b1,,True
9006,4. 指出装修阶段施工用电专项安全检查中的不妥之处，并写出正确做法。（本小题 3 项不妥，多答不得分）,2023-case5,4,bg_fp=e42d533c047658ad(bg692字)|idx_src=stem_ordinal|gen=g1_auto|case_no_src=page_order,high,e42d533c047658ad,single_subquestion,g1_auto,10,5,True,False,True,2023,AUTO_b00c8482e3055cc8,,True
17385,4. 指出装修阶段施工用电专项安全检查中的不妥之处，并写出正确做法。（本小题 3 项不妥，多答不得分）,2023-case5,4,bg_fp=e42d533c047658ad(bg692字)|idx_src=stem_ordinal|gen=g3_exam_year|case_no_src=page_order,high,e42d533c047658ad,single_subquestion,g3_exam_year,10,5,True,False,True,2023,EXAM_2023_1A436000_69e3559e,,True
9007,5. 写出表 5-1 中绿色建筑评价指标空缺评分项。计算绿色建筑评价总得分。并判断是否满足绿色三星标准？,2023-case5,5,bg_fp=e42d533c047658ad(bg692字)|idx_src=stem_ordinal|gen=g1_auto|case_no_src=page_order,high,e42d533c047658ad,single_subquestion,g1_auto,10,5,True,False,True,2023,AUTO_4a1d1c6f9ff7980a,,True
17386,5. 写出表 5-1 中绿色建筑评价指标空缺评分项。计算绿色建筑评价总得分。并判断是否满足绿色三星标准？,2023-case5,5,bg_fp=e42d533c047658ad(bg692字)|idx_src=stem_ordinal|gen=g3_exam_year|case_no_src=page_order,high,e42d533c047658ad,single_subquestion,g3_exam_year,10,5,True,False,True,2023,EXAM_2023_1A436000_2f0a2f45,,True
9682,新建保障房住宅小区工程，地下2层，地上8~10层，总建筑面积18.5万平方米。基础采用钢筋混凝土灌注桩，地上为装配式钢混凝土结构。项目部遵循《绿色建造技术导则（试行）》（建办质〔2021〕9号）规定，结合工程施工需要，积极应用云计算、移动通信、机器人等与绿色建造相关的信息技术。并,2025-case1,1,bg_fp=fbd26c9c5d0d9276(bg547字)|idx_src=stem_tail_ordinal|gen=g2_exam_chunk|case_no_src=page_order|anchor=案例题(一)|case_hash8=e3883970,medium,fbd26c9c5d0d9276,single_subquestion,g2_exam_chunk,11,4,True,False,True,2025,EXAM_1A434000_P0010_04_CASE_e3883970,EXAM_1A434000_P0010_04,True
17448,新建保障房住宅小区工程，地下2层，地上8~10层，总建筑面积18.5万平方米。基础采用钢筋混凝土灌注桩，地上为装配式钢混凝土结构。项目部遵循《绿色建造技术导则（试行）》（建办质〔2021〕9号）规定，结合工程施工需要，积极应用云计算、移动通信、机器人等与绿色建造相关的信息技术。并,2025-case1,1,bg_fp=fbd26c9c5d0d9276(bg547字)|idx_src=stem_tail_ordinal|gen=g3_exam_year|case_no_src=page_order,medium,fbd26c9c5d0d9276,single_subquestion,g3_exam_year,11,4,True,False,True,2025,EXAM_2025_1A434000_6678b3af,,True
9056,新建保障房住宅小区工程，地下2层，地上8~10层，总建筑面积18.5万平方米。基础采用钢筋混凝土灌注桩，地上为装配式钢混凝土结构。项目部遵循《绿色建造技术导则（试行）》（建办质〔2021〕9号）规定，结合工程施工需要，积极应用云计算、移动通信、机器人等与绿色建造相关的信息技术。并,2025-case1,2,bg_fp=fbd26c9c5d0d9276(bg539字)|idx_src=stem_tail_ordinal|gen=g1_auto|case_no_src=page_order,medium,fbd26c9c5d0d9276,single_subquestion,g1_auto,11,4,True,False,True,2025,AUTO_2f4aeea719f534c2,,True
17449,新建保障房住宅小区工程，地下2层，地上8~10层，总建筑面积18.5万平方米。基础采用钢筋混凝土灌注桩，地上为装配式钢混凝土结构。项目部遵循《绿色建造技术导则（试行）》（建办质〔2021〕9号）规定，结合工程施工需要，积极应用云计算、移动通信、机器人等与绿色建造相关的信息技术。并,2025-case1,2,bg_fp=fbd26c9c5d0d9276(bg539字)|idx_src=stem_tail_ordinal|gen=g3_exam_year|case_no_src=page_order,medium,fbd26c9c5d0d9276,single_subquestion,g3_exam_year,11,4,True,False,True,2025,EXAM_2025_1A434000_2bc917eb,,True
9057,新建保障房住宅小区工程，地下2层，地上8~10层，总建筑面积18.5万平方米。基础采用钢筋混凝土灌注桩，地上为装配式钢混凝土结构。项目部遵循《绿色建造技术导则（试行）》（建办质〔2021〕9号）规定，结合工程施工需要，积极应用云计算、移动通信、机器人等与绿色建造相关的信息技术。并,2025-case1,3,bg_fp=fbd26c9c5d0d9276(bg560字)|idx_src=stem_tail_ordinal|gen=g1_auto|case_no_src=page_order,medium,fbd26c9c5d0d9276,single_subquestion,g1_auto,11,4,True,False,True,2025,AUTO_60b0da088df85fd1,,True
17450,新建保障房住宅小区工程，地下2层，地上8~10层，总建筑面积18.5万平方米。基础采用钢筋混凝土灌注桩，地上为装配式钢混凝土结构。项目部遵循《绿色建造技术导则（试行）》（建办质〔2021〕9号）规定，结合工程施工需要，积极应用云计算、移动通信、机器人等与绿色建造相关的信息技术。并,2025-case1,3,bg_fp=fbd26c9c5d0d9276(bg560字)|idx_src=stem_tail_ordinal|gen=g3_exam_year|case_no_src=page_order,medium,fbd26c9c5d0d9276,single_subquestion,g3_exam_year,11,4,True,False,True,2025,EXAM_2025_1A434000_03e4da68,,True
9058,新建保障房住宅小区工程，地下2层，地上8~10层，总建筑面积18.5万平方米。基础采用钢筋混凝土灌注桩，地上为装配式钢混凝土结构。项目部遵循《绿色建造技术导则（试行）》（建办质〔2021〕9号）规定，结合工程施工需要，积极应用云计算、移动通信、机器人等与绿色建造相关的信息技术。并,2025-case1,4,bg_fp=fbd26c9c5d0d9276(bg543字)|idx_src=stem_tail_ordinal|gen=g1_auto|case_no_src=page_order,medium,fbd26c9c5d0d9276,single_subquestion,g1_auto,11,4,True,False,True,2025,AUTO_020e6dcbc03132e8,,True
17451,新建保障房住宅小区工程，地下2层，地上8~10层，总建筑面积18.5万平方米。基础采用钢筋混凝土灌注桩，地上为装配式钢混凝土结构。项目部遵循《绿色建造技术导则（试行）》（建办质〔2021〕9号）规定，结合工程施工需要，积极应用云计算、移动通信、机器人等与绿色建造相关的信息技术。并,2025-case1,4,bg_fp=fbd26c9c5d0d9276(bg543字)|idx_src=stem_tail_ordinal|gen=g3_exam_year|case_no_src=page_order,medium,fbd26c9c5d0d9276,single_subquestion,g3_exam_year,11,4,True,False,True,2025,EXAM_2025_1A434000_fff872fd,,True
9701,1. 灌注桩混凝土强度检验试件取样是否正确？除桩位偏差外，灌注桩的偏差检验项目还有哪些？桩身缺陷的检测方法有哪些？,2025-case3,1,bg_fp=1cf3b196060f1105(bg334字)|idx_src=stem_ordinal|gen=g2_exam_chunk|case_no_src=page_order|anchor=第(三)题参考答案|case_hash8=1658d403,high,1cf3b196060f1105,single_subquestion,g2_exam_chunk,10,4,True,False,True,2025,EXAM_1A432000_P0013_01_CASE_1658d403,EXAM_1A432000_P0013_01,True
17457,1. 灌注桩混凝土强度检验试件取样是否正确？除桩位偏差外，灌注桩的偏差检验项目还有哪些？桩身缺陷的检测方法有哪些？,2025-case3,1,bg_fp=1cf3b196060f1105(bg334字)|idx_src=stem_ordinal|gen=g3_exam_year|case_no_src=page_order,high,1cf3b196060f1105,single_subquestion,g3_exam_year,10,4,True,False,True,2025,EXAM_2025_1A432000_78ad6d07,,True
9063,2. 改正混凝土浇筑方案中的不妥之处。混凝土结构实体检验项目还有哪些？,2025-case3,2,bg_fp=1cf3b196060f1105(bg334字)|idx_src=stem_ordinal|gen=g1_auto|case_no_src=page_order,high,1cf3b196060f1105,single_subquestion,g1_auto,10,4,True,False,True,2025,AUTO_9a053be9866d8c58,,True
17458,2. 改正混凝土浇筑方案中的不妥之处。混凝土结构实体检验项目还有哪些？,2025-case3,2,bg_fp=1cf3b196060f1105(bg334字)|idx_src=stem_ordinal|gen=g3_exam_year|case_no_src=page_order,high,1cf3b196060f1105,single_subquestion,g3_exam_year,10,4,True,False,True,2025,EXAM_2025_1A432000_7d6dbd98,,True
9064,3. 叠合板吊装后，对板底接缝校核的偏差项目有哪些？板底接缝高差不满足要求时如何进行调节？预制梁和叠合板的安装顺序应遵循什么原则？,2025-case3,3,bg_fp=1cf3b196060f1105(bg334字)|idx_src=stem_ordinal|gen=g1_auto|case_no_src=page_order,high,1cf3b196060f1105,single_subquestion,g1_auto,10,4,True,False,True,2025,AUTO_c5e6212f7598a322,,True
17459,3. 叠合板吊装后，对板底接缝校核的偏差项目有哪些？板底接缝高差不满足要求时如何进行调节？预制梁和叠合板的安装顺序应遵循什么原则？,2025-case3,3,bg_fp=1cf3b196060f1105(bg334字)|idx_src=stem_ordinal|gen=g3_exam_year|case_no_src=page_order,high,1cf3b196060f1105,single_subquestion,g3_exam_year,10,4,True,False,True,2025,EXAM_2025_1A432000_71d3130e,,True
9065,4. 屋面卷材流淌现象按其程度分，有哪三种？可采用的治理方法各是什么？,2025-case3,4,bg_fp=1cf3b196060f1105(bg334字)|idx_src=stem_ordinal|gen=g1_auto|case_no_src=page_order,high,1cf3b196060f1105,single_subquestion,g1_auto,10,4,True,False,True,2025,AUTO_fbee01c3a7a246fb,,True
17460,4. 屋面卷材流淌现象按其程度分，有哪三种？可采用的治理方法各是什么？,2025-case3,4,bg_fp=1cf3b196060f1105(bg334字)|idx_src=stem_ordinal|gen=g3_exam_year|case_no_src=page_order,high,1cf3b196060f1105,single_subquestion,g3_exam_year,10,4,True,False,True,2025,EXAM_2025_1A432000_c840fbaf,,True
9717,1. 通常进行资格预审的工程有哪些特点？资格预审的方法有哪些？,2025-case4,1,bg_fp=53b957b8cae43fbc(bg704字)|idx_src=stem_ordinal|gen=g2_exam_chunk|case_no_src=page_order|anchor=第(四)题背景资料|case_hash8=63045cd5,high,53b957b8cae43fbc,single_subquestion,g2_exam_chunk,15,5,True,False,True,2025,EXAM_1A432000_P0014_02_CASE_63045cd5,EXAM_1A432000_P0014_02,True
9726,1. 通常进行资格预审的工程有哪些特点？资格预审的方法有哪些？,2025-case4,1,bg_fp=53b957b8cae43fbc(bg705字)|idx_src=stem_ordinal|gen=g2_exam_chunk|case_no_src=page_order|anchor=第1题|case_hash8=e969f97f,high,53b957b8cae43fbc,single_subquestion,g2_exam_chunk,15,5,True,False,True,2025,EXAM_1A432000_P0015_01_CASE_e969f97f,EXAM_1A432000_P0015_01,True
17461,1. 通常进行资格预审的工程有哪些特点？资格预审的方法有哪些？,2025-case4,1,bg_fp=53b957b8cae43fbc(bg704字)|idx_src=stem_ordinal|gen=g3_exam_year|case_no_src=page_order,high,53b957b8cae43fbc,single_subquestion,g3_exam_year,15,5,True,False,True,2025,EXAM_2025_1A432000_3cfe0bc6,,True
17464,1. 通常进行资格预审的工程有哪些特点？资格预审的方法有哪些？,2025-case4,1,bg_fp=53b957b8cae43fbc(bg705字)|idx_src=stem_ordinal|gen=g3_exam_year|case_no_src=page_order,high,53b957b8cae43fbc,single_subquestion,g3_exam_year,15,5,True,False,True,2025,EXAM_2025_1A432000_4bcc07b0,,True
9067,2. 投标方案策划中的管理策划内容还有哪些？分别答出乙方对工程设计和施工任务的各项安排是否正确？,2025-case4,2,bg_fp=53b957b8cae43fbc(bg704字)|idx_src=stem_ordinal|gen=g1_auto|case_no_src=page_order,medium,53b957b8cae43fbc,single_subquestion,g1_auto,15,5,True,True,True,2025,AUTO_45ba6b3fd66a43c0,,True
9070,2. 投标方案策划中的管理策划内容还有哪些？分别答出乙方对工程设计和施工任务的各项安排是否正确？,2025-case4,2,bg_fp=53b957b8cae43fbc(bg705字)|idx_src=stem_ordinal|gen=g1_auto|case_no_src=page_order,medium,53b957b8cae43fbc,single_subquestion,g1_auto,15,5,True,True,True,2025,AUTO_815d37e070c962fc,,True
17462,2. 投标方案策划中的管理策划内容还有哪些？分别答出乙方对工程设计和施工任务的各项安排是否正确？,2025-case4,2,bg_fp=53b957b8cae43fbc(bg704字)|idx_src=stem_ordinal|gen=g3_exam_year|case_no_src=page_order,medium,53b957b8cae43fbc,single_subquestion,g3_exam_year,15,5,True,True,True,2025,EXAM_2025_1A432000_cc1d3eb9,,True
17465,2. 投标方案策划中的管理策划内容还有哪些？分别答出乙方对工程设计和施工任务的各项安排是否正确？,2025-case4,2,bg_fp=53b957b8cae43fbc(bg705字)|idx_src=stem_ordinal|gen=g3_exam_year|case_no_src=page_order,medium,53b957b8cae43fbc,single_subquestion,g3_exam_year,15,5,True,True,True,2025,EXAM_2025_1A432000_4eec6b06,,True
9071,3. 答出甲、乙方在招投标工作中的不妥之处。并说明理由。,2025-case4,3,bg_fp=53b957b8cae43fbc(bg705字)|idx_src=stem_ordinal|gen=g1_auto|case_no_src=page_order,high,53b957b8cae43fbc,single_subquestion,g1_auto,15,5,True,False,True,2025,AUTO_5779d3562c43f39d,,True
17466,3. 答出甲、乙方在招投标工作中的不妥之处。并说明理由。,2025-case4,3,bg_fp=53b957b8cae43fbc(bg705字)|idx_src=stem_ordinal|gen=g3_exam_year|case_no_src=page_order,high,53b957b8cae43fbc,single_subquestion,g3_exam_year,15,5,True,False,True,2025,EXAM_2025_1A432000_b3bd6d2b,,True
9072,4. 按照完全成本法计算的工程施工项目成本是多少亿元？（保留小数点后两位）施工成本控制过程从时间上贯穿于哪些阶段？,2025-case4,4,bg_fp=53b957b8cae43fbc(bg705字)|idx_src=stem_ordinal|gen=g1_auto|case_no_src=page_order,high,53b957b8cae43fbc,single_subquestion,g1_auto,15,5,True,False,True,2025,AUTO_438b460e992e6231,,True
17467,4. 按照完全成本法计算的工程施工项目成本是多少亿元？（保留小数点后两位）施工成本控制过程从时间上贯穿于哪些阶段？,2025-case4,4,bg_fp=53b957b8cae43fbc(bg705字)|idx_src=stem_ordinal|gen=g3_exam_year|case_no_src=page_order,high,53b957b8cae43fbc,single_subquestion,g3_exam_year,15,5,True,False,True,2025,EXAM_2025_1A432000_39f0ce40,,True
9073,5. 分步列式计算钢结构装饰架的造价是多少万元？（保留小数点后两位）,2025-case4,5,bg_fp=53b957b8cae43fbc(bg705字)|idx_src=stem_ordinal|gen=g1_auto|case_no_src=page_order,high,53b957b8cae43fbc,single_subquestion,g1_auto,15,5,True,False,True,2025,AUTO_3bb61dbc2873a7e5,,True
17468,5. 分步列式计算钢结构装饰架的造价是多少万元？（保留小数点后两位）,2025-case4,5,bg_fp=53b957b8cae43fbc(bg705字)|idx_src=stem_ordinal|gen=g3_exam_year|case_no_src=page_order,high,53b957b8cae43fbc,single_subquestion,g3_exam_year,15,5,True,False,True,2025,EXAM_2025_1A432000_c94712f9,,True
9751,1. 施工总承包工程项目经理应具备的执业资格有哪些？项目管理规范规定的项目经理权限还有哪些？,2025-case5,1,bg_fp=547f18a9905ee392(bg518字)|idx_src=stem_ordinal|gen=g2_exam_chunk|case_no_src=page_order|anchor=第1题|case_hash8=3414c4bc,medium,547f18a9905ee392,single_subquestion,g2_exam_chunk,12,5,True,True,True,2025,EXAM_1A436000_P0016_02_CASE_3414c4bc,EXAM_1A436000_P0016_02,True
9753,1. 施工总承包工程项目经理应具备的执业资格有哪些？项目管理规范规定的项目经理权限还有哪些？,2025-case5,1,bg_fp=547f18a9905ee392(bg520字)|idx_src=stem_ordinal|gen=g2_exam_chunk|case_no_src=page_order|anchor=参考答案|case_hash8=e1e39abc,medium,547f18a9905ee392,single_subquestion,g2_exam_chunk,12,5,True,True,True,2025,EXAM_1A436000_P0017_01_CASE_e1e39abc,EXAM_1A436000_P0017_01,True
17469,1. 施工总承包工程项目经理应具备的执业资格有哪些？项目管理规范规定的项目经理权限还有哪些？,2025-case5,1,bg_fp=547f18a9905ee392(bg518字)|idx_src=stem_ordinal|gen=g3_exam_year|case_no_src=page_order,medium,547f18a9905ee392,single_subquestion,g3_exam_year,12,5,True,True,True,2025,EXAM_2025_1A436000_bed8ed95,,True
17470,1. 施工总承包工程项目经理应具备的执业资格有哪些？项目管理规范规定的项目经理权限还有哪些？,2025-case5,1,bg_fp=547f18a9905ee392(bg520字)|idx_src=stem_ordinal|gen=g3_exam_year|case_no_src=page_order,medium,547f18a9905ee392,single_subquestion,g3_exam_year,12,5,True,True,True,2025,EXAM_2025_1A436000_e67ec8b7,,True
9077,2. 施工现场监管信息系统业务应用层子系统还有哪些？现场环境监管数据中包括哪些监测数据？,2025-case5,2,bg_fp=547f18a9905ee392(bg520字)|idx_src=stem_ordinal|gen=g1_auto|case_no_src=page_order,high,547f18a9905ee392,single_subquestion,g1_auto,12,5,True,False,True,2025,AUTO_db0ec72e1b30f78e,,True
17471,2. 施工现场监管信息系统业务应用层子系统还有哪些？现场环境监管数据中包括哪些监测数据？,2025-case5,2,bg_fp=547f18a9905ee392(bg520字)|idx_src=stem_ordinal|gen=g3_exam_year|case_no_src=page_order,high,547f18a9905ee392,single_subquestion,g3_exam_year,12,5,True,False,True,2025,EXAM_2025_1A436000_39c7fc16,,True
9078,3. 答出表5中B-F处的部门或人员。（如：A 项目经理）,2025-case5,3,bg_fp=547f18a9905ee392(bg520字)|idx_src=stem_ordinal|gen=g1_auto|case_no_src=page_order,high,547f18a9905ee392,single_subquestion,g1_auto,12,5,True,False,True,2025,AUTO_3f186f8f6d8c17a0,,True
17472,3. 答出表5中B-F处的部门或人员。（如：A 项目经理）,2025-case5,3,bg_fp=547f18a9905ee392(bg520字)|idx_src=stem_ordinal|gen=g3_exam_year|case_no_src=page_order,high,547f18a9905ee392,single_subquestion,g3_exam_year,12,5,True,False,True,2025,EXAM_2025_1A436000_9055e6fc,,True
9079,4. 按照施工活动专业分类的危险源类型还有哪些？判定为安全管理重大事故隐患的条件还有哪些？,2025-case5,4,bg_fp=547f18a9905ee392(bg520字)|idx_src=stem_ordinal|gen=g1_auto|case_no_src=page_order,high,547f18a9905ee392,single_subquestion,g1_auto,12,5,True,False,True,2025,AUTO_a52fd48b0e994f16,,True
17473,4. 按照施工活动专业分类的危险源类型还有哪些？判定为安全管理重大事故隐患的条件还有哪些？,2025-case5,4,bg_fp=547f18a9905ee392(bg520字)|idx_src=stem_ordinal|gen=g3_exam_year|case_no_src=page_order,high,547f18a9905ee392,single_subquestion,g3_exam_year,12,5,True,False,True,2025,EXAM_2025_1A436000_37dabf78,,True
9080,5. 现场安全检查方法还有哪些？“看”的方法中，还应检查哪些现场安全情况？,2025-case5,5,bg_fp=547f18a9905ee392(bg520字)|idx_src=stem_ordinal|gen=g1_auto|case_no_src=page_order,high,547f18a9905ee392,single_subquestion,g1_auto,12,5,True,False,True,2025,AUTO_5f454fabe6abf02b,,True
17474,5. 现场安全检查方法还有哪些？“看”的方法中，还应检查哪些现场安全情况？,2025-case5,5,bg_fp=547f18a9905ee392(bg520字)|idx_src=stem_ordinal|gen=g3_exam_year|case_no_src=page_order,high,547f18a9905ee392,single_subquestion,g3_exam_year,12,5,True,False,True,2025,EXAM_2025_1A436000_31751de0,,True
